,id,first_name,last_name,team_nickname,primary_position,hitter_hand,hitter_position,hitter_previous_stats_szn,rolling_1ab,rolling_3ab,rolling_10ab,hitter_previous_stats_szn_slug,rolling_1ab_slug,rolling_3ab_slug,rolling_10ab_slug,hitter_strikes_eff,hitter_balls_eff,hitter_success_speed,hitter_fast_eff,hitter_offspeed_eff,hitter_ab_count
0,5a5c2129-3f87-43ee-8f6b-a2b6ca91bab4,Matthew,Marlowe,Mariners,LF,L,OF,0.3488372093023256,0.0,0.0,0.2,0.5,0.0,0.0,0.2,0.3090909090909091,0.4193548387096774,90.43,0.375,0.3157894736842105,84.0
1,c59cd03a-ead5-41d4-9b4a-d26f0dd04ea6,Dominic,Canzone,Mariners,LF,L,OF,0.3020833333333333,0.0,0.3333333333333333,0.3,0.4583333333333333,0.0,0.3333333333333333,0.6,0.2878787878787879,0.3333333333333333,91.67241379310344,0.3958333333333333,0.2083333333333333,94.0
2,bfa2cdb5-bcef-4d21-b84d-b2e7fb57d85c,Dylan,Moore,Mariners,RF,R,OF,0.3434343434343434,1.0,1.0,0.6,0.6262626262626263,1.0,1.0,1.2,0.3015873015873015,0.4166666666666667,91.17647058823528,0.3125,0.4,97.0
3,e750ccd5-7a24-44ef-b661-0d41baa17d1c,Julio,Rodríguez,Mariners,CF,R,OF,0.3315315315315315,0.0,0.0,0.5,0.5027027027027027,0.0,0.0,0.6,0.3351063829787234,0.3240223463687151,89.04130434782608,0.3333333333333333,0.3291139240506329,539.0
4,19dc4d37-db3d-4289-bf15-4705ddb56d30,Teoscar,Hernández,Mariners,RF,R,OF,0.2982791586998088,0.0,0.0,0.3,0.4569789674952199,0.0,0.0,0.6,0.3264094955489614,0.2473118279569892,88.65769230769232,0.2796052631578947,0.3242009132420091,514.0
5,27e91ba7-4a19-4548-91fc-8d70a29b9b8a,Eugenio,Suárez,Mariners,3B,R,IF,0.3253234750462107,1.0,0.6666666666666666,0.6,0.4602587800369686,1.0,1.0,0.7,0.2670299727520436,0.4482758620689655,90.3875,0.3235294117647059,0.3276595744680851,534.0
6,c5756137-aad3-4279-a217-cff96ccf0db8,José,Caballero,Mariners,2B,R,IF,0.3699186991869919,1.0,0.3333333333333333,0.6,0.4512195121951219,1.0,0.3333333333333333,0.6,0.2789115646258503,0.5050505050505051,90.12087912087912,0.3793103448275862,0.3564356435643564,242.0
7,4346eb23-510c-438b-9a6a-9e92b8a5b5a4,John,Crawford,Mariners,SS,L,IF,0.3744680851063829,1.0,0.6666666666666666,0.4,0.4936170212765957,1.0,0.6666666666666666,0.4,0.3134796238244514,0.5033112582781457,90.62102272727272,0.3713355048859935,0.3803680981595092,467.0
8,cd4ccb68-8795-4486-a7d6-989072685c42,Joshua,Rojas,Mariners,3B,L,IF,0.2851711026615969,0.0,0.3333333333333333,0.5,0.3650190114068441,0.0,1.3333333333333333,0.9,0.2556818181818182,0.3448275862068966,89.88666666666667,0.3061224489795918,0.2586206896551724,253.0
9,0ff1ba0b-2e3d-4fcc-8419-057d0833f887,Tyler,France,Mariners,1B,R,IF,0.3409523809523809,1.0,1.0,0.6,0.4552380952380952,1.0,1.0,0.7,0.2939481268011527,0.4325842696629213,89.18100558659218,0.3401360544217687,0.341991341991342,516.0
10,eedd0e21-283e-4534-aa38-afe98d4415a1,Michael,Ford,Mariners,1B,L,IF,0.3045977011494253,1.0,1.0,0.4,0.5459770114942529,1.0,1.0,0.4,0.2935779816513761,0.3230769230769231,88.97547169811321,0.3295454545454545,0.2790697674418604,169.0
11,7f4e9216-53eb-468a-bf55-9d8026c05642,Caleb,Raleigh,Mariners,C,L,C,0.2917647058823529,0.0,0.3333333333333333,0.4,0.508235294117647,0.0,0.3333333333333333,1.1,0.2845528455284553,0.3016759776536313,89.48225806451612,0.2943548387096774,0.288135593220339,418.0
12,954e990e-050e-4cc1-b0d4-34f6ac693b20,Brian,O'Keefe,Mariners,C,R,C,0.25,1.0,0.6666666666666666,0.2857142857142857,0.375,1.0,1.0,0.4285714285714285,0.1666666666666666,0.5,95.4,0.1428571428571428,1.0,2.0
13,a522f82a-e920-4ece-8e29-3f16630bf635,Travis,Jankowski,Rangers,LF,L,OF,0.3705179282868526,0.0,0.3333333333333333,0.1,0.4382470119521912,0.0,0.3333333333333333,0.1,0.2925531914893617,0.6031746031746031,89.77634408602151,0.3684210526315789,0.375,247.0
14,962bf98a-22a3-4958-b296-f569bfd7407f,Robert,Grossman,Rangers,LF,L,OF,0.3140243902439024,0.0,0.0,0.3,0.4512195121951219,0.0,0.0,0.4,0.25,0.4886363636363636,90.93883495145631,0.3686868686868687,0.2307692307692307,326.0
15,ccc0da4d-e4c0-46e9-8700-361a9bbd3625,Ezequiel,Duran,Rangers,3B,R,IF,0.3342175066312997,1.0,0.6666666666666666,0.4,0.506631299734748,1.0,0.6666666666666666,0.4,0.326271186440678,0.3475177304964539,88.09761904761905,0.3004694835680751,0.3780487804878049,373.0
16,df34fa21-1eb8-4976-994e-fd9c8706e33c,Josh,Smith,Rangers,SS,L,IF,0.3218390804597701,0.0,0.3333333333333333,0.2,0.425287356321839,0.0,0.3333333333333333,0.2,0.2260869565217391,0.5084745762711864,87.65892857142856,0.324074074074074,0.3181818181818182,171.0
17,18d0eb5e-10be-425b-8f6c-0d204b449fe2,Julio Pablo,Martinez,Rangers,CF,L,OF,0.3125,0.0,0.0,0.1,0.34375,0.0,0.0,0.1,0.35,0.25,91.33,0.2631578947368421,0.3846153846153846,28.0
18,232a2331-2ab1-4cae-b8de-8b2e0bff5802,Leody,Taveras,Rangers,CF,L,OF,0.2981220657276995,1.0,0.3333333333333333,0.3,0.4460093896713615,2.0,0.6666666666666666,0.5,0.3020134228187919,0.2890625,89.41732283464567,0.3392857142857143,0.2524752475247525,422.0
19,8f44f889-278d-4321-9158-bb8a4a7ef271,Jose Adolis,García,Rangers,RF,R,OF,0.3295454545454545,0.0,0.0,0.1,0.5511363636363636,0.0,0.0,0.4,0.2848297213622291,0.4,89.33275862068966,0.3242424242424242,0.3383838383838384,522.0
20,ca159e78-05a9-410a-be7b-3ebad5496a88,Corey,Seager,Rangers,SS,L,IF,0.4021447721179624,1.0,0.3333333333333333,0.3,0.675603217158177,1.0,0.3333333333333333,0.3,0.3828996282527881,0.4519230769230769,87.95066666666666,0.3850267379679144,0.4193548387096774,368.0
21,c2d72221-932c-4155-9121-eaa87cfed176,Marcus,Semien,Rangers,2B,R,IF,0.3463497453310696,0.0,0.6666666666666666,0.4,0.5093378607809848,0.0,1.0,0.5,0.2926267281105991,0.4967741935483871,89.67990196078432,0.3413978494623655,0.3548387096774194,576.0
22,479ea4a2-43ea-4f5f-93be-b875aab7088d,David,Lowe,Rangers,1B,L,IF,0.3665480427046263,1.0,0.6666666666666666,0.3,0.5160142348754448,1.0,0.6666666666666666,0.4,0.33248730964467,0.4464285714285714,89.5135922330097,0.3852941176470588,0.3378378378378378,560.0
23,f75cce17-221d-4269-84ea-92083c354af7,Jonah,Heim,Rangers,C,L,C,0.3228346456692913,0.0,0.0,0.2,0.4934383202099737,0.0,0.0,0.2,0.3130081300813008,0.3407407407407407,89.40731707317073,0.3203463203463203,0.3266666666666666,379.0
24,a8efa694-2d64-4ad3-bf39-7d4f9006be7f,Mitchell,Garver,Rangers,C,R,C,0.3557692307692308,0.0,0.3333333333333333,0.2,0.5480769230769231,0.0,1.3333333333333333,0.5,0.3546099290780142,0.3582089552238806,89.83243243243244,0.3870967741935484,0.3095238095238095,205.0
25,3391b452-8d5f-4730-8edc-9844b4f336a6,Austin,Hedges,Rangers,C,R,C,0.21875,0.0,0.0,0.3,0.2604166666666667,0.0,0.0,0.3,0.1949152542372881,0.2567567567567567,89.97380952380952,0.1909090909090909,0.2560975609756097,188.0
26,5a1ba87b-8ec6-4588-97c8-79db8d044cca,Randal,Grichuk,Angels,LF,R,OF,0.3223880597014925,0.0,0.3333333333333333,0.2,0.4955223880597015,0.0,0.6666666666666666,0.4,0.3108108108108108,0.3451327433628318,89.62962962962963,0.3247422680412371,0.3191489361702128,331.0
27,7af39f78-8e04-408d-a1b5-66ab3dcd99ac,McKenzie,Moniak,Angels,CF,L,OF,0.303030303030303,1.0,0.3333333333333333,0.1,0.5151515151515151,1.0,0.3333333333333333,0.1,0.3701298701298701,0.209090909090909,88.74375,0.2666666666666666,0.3508771929824561,263.0
28,7f518632-2d5d-48c8-b994-2d4d43a1ef3b,Michael,Trout,Angels,CF,R,OF,0.3649025069637883,0.0,0.0,0.3,0.5598885793871866,0.0,0.0,0.3,0.3022222222222222,0.4701492537313433,90.8175572519084,0.3628691983122363,0.3688524590163934,355.0
29,8795cd8e-0a6d-4207-b0b9-ccedd1822c13,Andrew,Velazquez,Angels,SS,L,IF,0.25,0.0,0.0,0.2,0.3421052631578947,0.0,0.0,0.5,0.1785714285714285,0.45,90.1421052631579,0.3414634146341463,0.1428571428571428,69.0
30,89bab4bd-0fb6-41a6-88d6-0fd6307ae072,Dustin,Renfroe,Angels,RF,R,OF,0.3057324840764331,1.0,0.3333333333333333,0.3,0.4819532908704883,1.0,0.3333333333333333,0.6,0.3016949152542373,0.3125,89.74027777777778,0.3037542662116041,0.3089887640449438,465.0
31,5a5c2351-19ee-440a-8db9-07583ff96005,Luis,Rengifo,Angels,SS,L,IF,0.3183023872679045,0.0,0.6666666666666666,0.3,0.4482758620689655,0.0,0.6666666666666666,0.3,0.2790697674418604,0.4033613445378151,90.04083333333332,0.3303571428571428,0.3006535947712418,373.0
32,3c23b78d-dd1d-451e-8754-31978e3da7c2,Michael,Moustakas,Angels,3B,L,IF,0.3211920529801324,0.0,0.3333333333333333,0.2,0.4867549668874172,0.0,1.3333333333333333,0.5,0.3103448275862069,0.3434343434343434,90.04742268041238,0.3425414364640884,0.2892561983471074,296.0
33,178af28f-f5bb-49e1-9770-71d6e39edb63,Eduardo,Escobar,Angels,3B,R,IF,0.2767857142857143,0.0,0.3333333333333333,0.3,0.4017857142857143,0.0,0.3333333333333333,0.3,0.25,0.3152173913043478,88.24032258064516,0.2831858407079646,0.2702702702702703,222.0
34,37de17c5-5ff0-449e-b6a9-a936d1c9a78b,Brandon,Drury,Angels,2B,R,IF,0.3081081081081081,0.0,0.3333333333333333,0.5,0.518918918918919,0.0,1.3333333333333333,1.4,0.3385826771653543,0.2413793103448276,89.66929824561403,0.3165137614678899,0.2960526315789473,362.0
35,55915d43-9546-4325-adcc-e2c2bfc87257,Nolan,Schanuel,Angels,1B,L,IF,0.3529411764705882,1.0,0.6666666666666666,0.4,0.3529411764705882,1.0,0.6666666666666666,0.4,0.25,0.6,90.71666666666664,0.4,0.2857142857142857,14.0
36,01da151f-6bd7-4066-a597-51accffb0e21,Matthew,Thaiss,Angels,C,L,C,0.3286713286713286,0.0,0.6666666666666666,0.4,0.4335664335664335,0.0,0.6666666666666666,0.7,0.2626262626262626,0.4772727272727273,89.02340425531915,0.3290322580645161,0.3282442748091603,276.0
37,b9f3e10f-8221-40c6-9b1d-7c4613df9a4d,Logan,O'Hoppe,Angels,C,R,C,0.3055555555555556,0.0,0.3333333333333333,0.1,0.5416666666666666,0.0,1.3333333333333333,0.4,0.2941176470588235,0.3333333333333333,89.61818181818181,0.2142857142857142,0.4333333333333333,68.0
38,34b9b68f-3fcf-402c-8008-0414696a8b7c,Anthony,Kemp,Athletics,LF,L,OF,0.2961876832844575,1.0,0.3333333333333333,0.3,0.375366568914956,1.0,0.3333333333333333,0.4,0.2151898734177215,0.4807692307692308,90.93762376237623,0.3282051282051282,0.2534246575342466,337.0
39,88dba1cf-898b-441b-a1a5-78b067369e55,Brent,Rooker,Athletics,LF,R,OF,0.3308457711442786,0.0,0.6666666666666666,0.5,0.5323383084577115,0.0,0.6666666666666666,1.1,0.3111111111111111,0.3712121212121212,89.7406015037594,0.3788546255506608,0.2685714285714285,395.0
40,757fddfc-e76b-4634-b1b2-7d34436013ee,Seth,Brown,Athletics,1B,L,IF,0.2831541218637993,0.0,0.3333333333333333,0.1,0.4516129032258064,0.0,0.3333333333333333,0.1,0.28,0.2884615384615384,88.95443037974682,0.2734375,0.2913907284768212,271.0
41,bf2def72-3a2f-434e-8ee2-b7b829f6152c,Esteury,Ruiz,Athletics,CF,R,OF,0.2867469879518072,0.0,0.0,0.1,0.3566265060240964,0.0,0.0,0.1,0.2795698924731182,0.3014705882352941,89.87310924369747,0.3020408163265306,0.2647058823529412,405.0
42,2e7c7804-504d-45f6-ace4-9b53b511217c,Lawrence,Butler,Athletics,3B,L,IF,0.2432432432432432,1.0,0.3333333333333333,0.2,0.3783783783783784,1.0,0.3333333333333333,0.2,0.2424242424242424,0.25,86.82222222222222,0.0714285714285714,0.3478260869565217,27.0
43,40329519-020d-47b1-9dab-0a69ee835753,Jordan,Diaz,Athletics,2B,R,IF,0.2864077669902912,0.0,0.0,0.1,0.441747572815534,0.0,0.0,0.4,0.2846715328467153,0.2898550724637681,89.02881355932203,0.2685185185185185,0.3061224489795918,202.0
44,60917df4-fff8-410e-8901-bd4944d4eb32,Aledmys,Díaz,Athletics,3B,R,IF,0.2816901408450704,0.0,0.3333333333333333,0.4,0.3767605633802817,0.0,0.6666666666666666,0.9,0.2659574468085106,0.3125,88.5325,0.2547770700636942,0.3149606299212598,280.0
45,85c1c224-ebbd-44ff-8f6f-6c50ffb85063,Jonah,Bride,Athletics,3B,R,IF,0.2738095238095238,1.0,0.3333333333333333,0.2,0.2976190476190476,1.0,0.3333333333333333,0.2,0.1864406779661017,0.48,90.13478260869564,0.2954545454545454,0.25,68.0
46,41f7dadd-2ae7-4a39-8e9a-a0948f27cf90,Nicholas,Allen,Athletics,SS,R,IF,0.2387387387387387,0.0,0.0,0.1,0.2972972972972973,0.0,0.0,0.1,0.2208588957055214,0.288135593220339,88.31698113207547,0.2047244094488189,0.2842105263157894,209.0
47,81ef2491-3e66-4358-a112-6c3f9f511aed,Zachary,Gelof,Athletics,2B,R,IF,0.3687943262411347,0.0,0.3333333333333333,0.3,0.6524822695035462,0.0,0.3333333333333333,0.6,0.37,0.3658536585365853,90.04807692307692,0.4027777777777778,0.3333333333333333,139.0
48,7f5b4d55-78a3-44c6-a970-d7d9a2907391,Ryan,Noda,Athletics,1B,L,IF,0.3804034582132565,1.0,0.6666666666666666,0.7,0.5302593659942363,1.0,0.6666666666666666,1.1,0.2851063829787234,0.5803571428571429,90.41136363636365,0.4,0.3464566929133858,338.0
49,694e2e1a-0d39-482a-a254-a42e1aa39c04,Shea,Langeliers,Athletics,C,R,C,0.2642487046632124,0.0,0.3333333333333333,0.4,0.4196891191709844,0.0,1.3333333333333333,1.1,0.238095238095238,0.3274336283185841,89.5950980392157,0.2401746724890829,0.2993630573248407,384.0
50,6049097c-f59f-48d4-ae57-38f6027235a3,Carlos,Pérez,Athletics,C,R,C,0.2884615384615384,0.0,0.0,0.2,0.4102564102564102,0.0,0.0,0.2,0.2371134020618556,0.3728813559322034,89.56,0.2444444444444444,0.3484848484848485,151.0
51,fdc9c3af-4ad2-43b1-8537-10732d013ed8,Yordan,Alvarez,Astros,LF,L,OF,0.3775811209439528,0.0,0.3333333333333333,0.3,0.6135693215339233,0.0,0.3333333333333333,0.3,0.2952380952380952,0.5116279069767442,89.36640625,0.3632286995515695,0.4051724137931034,334.0
52,8a9fc50a-3f22-48ae-ba60-e55da7b31a86,Corey,Julks,Astros,LF,R,OF,0.2984126984126984,0.0,0.3333333333333333,0.2,0.4,0.0,0.6666666666666666,0.3,0.2857142857142857,0.3214285714285714,89.9276595744681,0.3220338983050847,0.2681159420289855,310.0
53,00b1a789-11e5-41aa-b914-5bafff1eb5dc,Chas,McCormick,Astros,CF,R,OF,0.3693693693693693,0.0,0.0,0.4,0.5915915915915916,0.0,0.0,1.0,0.3532338308457711,0.3939393939393939,90.2569105691057,0.4102564102564102,0.3115942028985507,329.0
54,229af0d4-8e71-4e57-9c40-abc9dfb21cbb,Mauricio,Dubón,Astros,2B,R,IF,0.2990196078431372,0.0,0.6666666666666666,0.5,0.4019607843137255,0.0,0.6666666666666666,0.9,0.2867924528301886,0.3216783216783216,88.67295081967214,0.308695652173913,0.2865168539325842,402.0
55,42258713-4e3e-4fdb-9604-ee1560adb523,Jacob,Meyers,Astros,CF,R,OF,0.3067092651757188,1.0,0.3333333333333333,0.3,0.4504792332268371,1.0,0.3333333333333333,0.4,0.2636363636363636,0.4086021505376344,89.95520833333335,0.3055555555555556,0.3082706766917293,308.0
56,f4a9ab1b-8458-40c9-a50f-bbef4f11fe58,Kyle,Tucker,Astros,RF,L,OF,0.3653846153846153,0.0,0.0,0.3,0.5653846153846154,0.0,0.0,0.6,0.3115183246073298,0.5144927536231884,90.05052631578947,0.4,0.3142857142857143,516.0
57,7229d580-9405-4d8b-b582-0980dbb2a46a,Alexander,Bregman,Astros,3B,R,IF,0.3553571428571428,1.0,0.3333333333333333,0.7,0.5071428571428571,1.0,0.3333333333333333,0.8,0.2758620689655172,0.5191256830601093,91.0673366834171,0.3565217391304348,0.3534883720930232,551.0
58,9051bae8-47d4-4821-83a1-93e80c633fc9,Jeremy,Peña,Astros,SS,R,IF,0.3064182194616977,1.0,0.6666666666666666,0.5,0.4182194616977225,1.0,0.6666666666666666,0.7,0.2875399361022364,0.3411764705882353,88.90337837837838,0.3140794223826715,0.2961165048543689,475.0
59,1616381c-d6ac-40b1-8c3f-c70d51bda098,Jose,Altuve,Astros,2B,R,IF,0.4063745019920319,0.0,0.0,0.1,0.5737051792828686,0.0,0.0,0.1,0.3517241379310344,0.4811320754716981,90.84313725490196,0.4496644295302013,0.3431372549019608,247.0
60,b59c6ed2-061e-4c9b-b624-2d1aee74853c,José,Abreu,Astros,1B,R,IF,0.2906724511930585,0.0,0.3333333333333333,0.2,0.3904555314533622,0.0,0.3333333333333333,0.2,0.2536231884057971,0.3459459459459459,90.42164179104478,0.3007518796992481,0.2769230769230769,459.0
61,d7bdaf25-52fb-4595-8194-ccc28a1f05e7,Jonathan,Singleton,Astros,1B,L,IF,0.2727272727272727,1.0,0.6666666666666666,0.3,0.3896103896103896,2.0,1.0,0.4,0.125,0.5172413793103449,93.03809523809524,0.3191489361702128,0.2,73.0
62,ca2dd733-f69d-481c-bffe-78219a34df21,Yainer,Diaz,Astros,C,R,C,0.2969283276450511,0.0,0.0,0.2,0.5426621160409556,0.0,0.0,0.5,0.3258426966292135,0.2521739130434782,88.47126436781609,0.2914285714285714,0.3050847457627119,288.0
63,42f26786-3d3f-4db0-a975-fcf3b2c5938b,Martín,Maldonado,Astros,C,R,C,0.2414860681114551,0.0,0.3333333333333333,0.3,0.3560371517027864,0.0,0.3333333333333333,0.4,0.2311320754716981,0.2612612612612612,90.52435897435898,0.2356020942408377,0.25,318.0
64,4d568c58-5600-406f-8c67-6d7197e25976,Daulton,Varsho,Blue Jays,CF,L,OF,0.2857142857142857,1.0,0.3333333333333333,0.6,0.435064935064935,1.0,0.3333333333333333,1.0,0.2779456193353474,0.3053435114503817,89.53333333333333,0.2912280701754386,0.2768361581920904,457.0
65,92500d32-2314-4c7c-91c5-110f95229f9a,Whitley,Merrifield,Blue Jays,2B,R,IF,0.3395833333333333,0.0,0.0,0.1,0.4541666666666666,0.0,0.0,0.2,0.3197492163009404,0.3788819875776397,89.27852760736197,0.3462897526501767,0.3299492385786802,475.0
66,908cf3f8-d7a4-4346-b39e-1f4f66a21864,Kevin,Kiermaier,Blue Jays,CF,L,OF,0.3311897106109325,1.0,0.6666666666666666,0.3,0.4662379421221865,1.0,1.0,0.7,0.3348837209302325,0.3229166666666667,89.5766990291262,0.4191616766467065,0.2291666666666666,307.0
67,7f92278a-91c4-4c25-9e75-eaff3aed89b3,George,Springer,Blue Jays,RF,R,OF,0.3224568138195777,0.0,0.0,0.4,0.4491362763915547,0.0,0.0,0.8,0.2789473684210526,0.4397163120567376,89.475,0.2980132450331126,0.3561643835616438,510.0
68,a0d999b0-5021-4f17-8082-e842e9e63ce4,Cavan,Biggio,Blue Jays,2B,L,IF,0.3136363636363636,0.0,0.0,0.2,0.45,0.0,0.0,0.2,0.2830188679245283,0.3934426229508196,89.58840579710146,0.3307692307692307,0.2888888888888888,215.0
69,19e35294-99c1-4cd3-bf24-8c2bd0c4c512,Matt,Chapman,Blue Jays,3B,R,IF,0.3366533864541832,0.0,0.3333333333333333,0.2,0.5,0.0,0.3333333333333333,0.2,0.2763532763532763,0.4768211920529801,89.46923076923076,0.32,0.3613861386138614,501.0
70,f48aaaa7-9891-4752-a650-1f625d153e6e,Davis,Schneider,Blue Jays,3B,R,IF,0.4722222222222222,1.0,0.3333333333333333,0.4,0.75,4.0,1.3333333333333333,0.8,0.4230769230769231,0.6,85.79411764705883,0.4,0.6363636363636364,34.0
71,a7d910e1-4815-42b6-9d1e-6af7fa8c3be4,Santiago,Espinal,Blue Jays,2B,R,IF,0.2878787878787879,0.0,0.6666666666666666,0.2,0.3585858585858585,0.0,0.6666666666666666,0.2,0.2700729927007299,0.3278688524590163,89.51754385964912,0.3252032520325203,0.2266666666666666,194.0
72,88344347-d02f-4bb0-ab54-81f26f13e5b1,Bo,Bichette,Blue Jays,SS,R,IF,0.3497942386831276,0.0,0.0,0.3,0.5205761316872428,0.0,0.0,0.8,0.3538461538461538,0.3416149068322981,88.76470588235294,0.358974358974359,0.3380281690140845,485.0
73,fa26a373-a427-4558-ba5e-6d6c0f0148c5,Vladimir,Guerrero Jr.,Blue Jays,1B,R,IF,0.3402646502835538,0.0,0.6666666666666666,0.5,0.4877126654064272,0.0,0.6666666666666666,0.5,0.3247126436781609,0.3701657458563536,88.98722222222223,0.3286219081272085,0.3536585365853658,525.0
74,717333c5-59e0-41f4-a1d9-dd58ad2661ef,Alejandro,Kirk,Blue Jays,C,R,C,0.3259493670886076,0.0,0.3333333333333333,0.2,0.4050632911392405,0.0,0.3333333333333333,0.2,0.2718446601941747,0.4272727272727272,89.1378640776699,0.345679012345679,0.3051948051948052,311.0
75,8d777ecb-4ab5-4c35-9daa-a1124a200b11,Daniel,Jansen,Blue Jays,C,R,C,0.2909090909090909,0.0,0.3333333333333333,0.5,0.5018181818181818,0.0,0.3333333333333333,0.6,0.2513368983957219,0.375,89.25874999999999,0.282051282051282,0.3025210084033613,273.0
76,36ee970b-0cff-4d50-b8ac-9bd16fae2dd1,Brandon,Belt,Blue Jays,DH,L,DH,0.3703703703703703,0.0,0.0,0.4,0.5527065527065527,0.0,0.0,1.0,0.3227272727272727,0.4503816793893129,90.63153846153848,0.3846153846153846,0.3461538461538461,348.0
77,4f278e0d-ab63-4c05-906e-5a876497c0f2,Jakob,Bauers,Yankees,1B,L,IF,0.2905982905982906,0.0,0.0,0.1,0.4914529914529914,0.0,0.0,0.1,0.2692307692307692,0.3333333333333333,90.26176470588236,0.3169014084507042,0.25,231.0
78,b54ace79-5c94-45d1-873a-7ae90e5c6726,Giancarlo,Stanton,Yankees,DH,R,DH,0.2733333333333333,0.0,0.3333333333333333,0.3,0.4833333333333333,0.0,0.3333333333333333,0.3,0.2448979591836734,0.3269230769230769,90.63780487804878,0.2634408602150537,0.2894736842105263,293.0
79,f2c55fb7-f18f-44ab-80a0-7e5d8ee165cc,Oswaldo,Cabrera,Yankees,LF,L,OF,0.2654867256637168,1.0,0.6666666666666666,0.3,0.3539823008849557,1.0,0.6666666666666666,0.3,0.2435897435897435,0.3142857142857143,88.99499999999999,0.2845528455284553,0.2427184466019417,218.0
80,b6eb38af-2e03-46ba-b613-9185987940f2,Harrison,Bader,Yankees,CF,R,OF,0.2816901408450704,0.0,0.0,0.1,0.4049295774647887,0.0,0.0,0.1,0.2826086956521739,0.28,90.30625,0.2848484848484848,0.2773109243697479,276.0
82,283f2c57-6441-4173-b5a0-728e46b8c894,Isiah,Kiner-Falefa,Yankees,CF,R,OF,0.3171521035598705,0.0,0.0,0.1,0.4142394822006472,0.0,0.0,0.2,0.2675438596491228,0.4567901234567901,89.87755102040816,0.3333333333333333,0.2882882882882883,296.0
83,86f7390e-61bd-4556-8325-a6705c7f693b,Aaron,Judge,Yankees,RF,R,OF,0.3940397350993377,0.0,0.0,0.2,0.6688741721854304,0.0,0.0,0.5,0.3482587064676617,0.4851485148514851,89.89747899159663,0.4363636363636363,0.3430656934306569,300.0
84,d1c07b01-a86d-4c17-ac38-8217e364c2cf,David,LeMahieu,Yankees,3B,R,IF,0.3138686131386861,1.0,0.6666666666666666,0.3,0.4257907542579075,1.0,0.6666666666666666,0.3,0.2921348314606741,0.3541666666666667,89.23100775193798,0.3157894736842105,0.3118811881188119,406.0
85,ed8b8c51-cb02-4ffb-b72d-d6e2c14a64f4,Oswald,Peraza,Yankees,3B,R,IF,0.3088235294117647,0.0,0.0,0.1,0.3235294117647059,0.0,0.0,0.1,0.1739130434782608,0.5909090909090909,89.88095238095238,0.3023255813953488,0.32,67.0
86,50d52558-a392-4e6a-b734-4f8726659535,Anthony,Volpe,Yankees,SS,R,IF,0.2922077922077922,0.0,0.3333333333333333,0.3,0.4523809523809524,0.0,0.3333333333333333,0.6,0.2566666666666666,0.3580246913580246,91.05111111111113,0.3033707865168539,0.2769230769230769,456.0
87,781d3396-df55-4b42-bea4-5c9cad9dcad0,Gleyber,Torres,Yankees,2B,R,IF,0.3307839388145315,0.0,0.0,0.3,0.4837476099426386,0.0,0.0,0.7,0.28125,0.4327485380116959,89.66589595375723,0.3215434083601286,0.3443396226415094,519.0
88,85554a9a-0ff8-4886-844c-9b440ed94d61,Kyle,Higashioka,Yankees,C,R,C,0.2710280373831775,0.0,0.3333333333333333,0.1,0.4205607476635514,0.0,1.3333333333333333,0.4,0.2751677852348993,0.2615384615384615,90.02758620689656,0.3230769230769231,0.1904761904761904,212.0
89,dfa76d1d-ad2d-435e-afef-5edc10dbb50e,Benjamin,Rortvedt,Yankees,C,L,C,0.2549019607843137,1.0,0.6666666666666666,0.2,0.392156862745098,1.0,1.6666666666666667,0.5,0.2,0.375,89.23076923076923,0.2142857142857142,0.3043478260869565,48.0
90,6de34681-ea14-4946-a3de-26053e746465,Masataka,Yoshida,Red Sox,LF,L,OF,0.3488372093023256,0.0,0.3333333333333333,0.2,0.4989429175475687,0.0,0.3333333333333333,0.2,0.3098159509202454,0.4353741496598639,89.69090909090909,0.3616236162361623,0.3316831683168317,470.0
91,1d1881bd-d65e-4180-88bd-059044cc1755,Robert,Refsnyder,Red Sox,CF,R,OF,0.3707317073170731,0.0,0.3333333333333333,0.2,0.424390243902439,0.0,0.3333333333333333,0.2,0.3,0.4933333333333333,88.9578947368421,0.3410852713178294,0.4210526315789473,203.0
92,52163b85-2956-4777-b31a-b7d1ce217eb0,Adam,Duvall,Red Sox,CF,R,OF,0.3138075313807531,1.0,0.3333333333333333,0.4,0.5606694560669456,2.0,0.6666666666666666,0.9,0.3076923076923077,0.3229166666666667,88.696,0.3172413793103448,0.3085106382978723,235.0
93,6f7a2f3c-0341-47be-a60a-f6c15d7a9a0b,Alex,Verdugo,Red Sox,RF,L,OF,0.3395445134575569,0.0,0.6666666666666666,0.4,0.4782608695652174,0.0,0.6666666666666666,0.5,0.314868804664723,0.4,89.30304878048781,0.3571428571428571,0.3179723502304147,469.0
95,fe966998-15e1-4022-89d5-6b4750516176,Rafael,Devers,Red Sox,3B,L,IF,0.3386454183266932,1.0,0.3333333333333333,0.2,0.5677290836653387,1.0,0.3333333333333333,0.2,0.2974683544303797,0.4086021505376344,89.88764705882353,0.3524904214559387,0.3236514522821577,499.0
96,17cf120a-ee8e-4f16-9a6c-9b16664ad801,Pablo,Reyes,Red Sox,SS,R,IF,0.3529411764705882,0.0,0.0,0.4,0.4558823529411764,0.0,0.0,0.5,0.3557692307692308,0.34375,89.04791666666667,0.380281690140845,0.3230769230769231,133.0
97,b158fb37-c794-4708-86fb-7cf18287dc97,Luis,Urías,Red Sox,2B,R,IF,0.3243243243243243,0.0,0.3333333333333333,0.5,0.4324324324324324,0.0,0.3333333333333333,0.5,0.2238805970149253,0.4772727272727273,89.42222222222222,0.3333333333333333,0.303030303030303,106.0
98,893e5243-1278-476c-8801-280b9b14aea7,Justin,Turner,Red Sox,DH,R,DH,0.3572895277207392,0.0,0.0,0.5,0.5338809034907598,0.0,0.0,0.9,0.3047337278106509,0.4765100671140939,90.04022988505747,0.306338028169014,0.4285714285714285,481.0
99,f8ab2aa3-26ce-447c-9db5-83ea5f13da0c,Trevor,Story,Red Sox,SS,R,IF,0.24,0.0,0.3333333333333333,0.3,0.32,0.0,0.3333333333333333,0.3,0.2962962962962963,0.1739130434782608,89.16666666666667,0.2857142857142857,0.1818181818181818,41.0
100,3a1835ea-ac3e-4a62-a5ef-7705c26dd802,Triston,Casas,Red Sox,1B,L,IF,0.3479318734793187,1.0,0.3333333333333333,0.3,0.5425790754257908,1.0,0.3333333333333333,0.3,0.282051282051282,0.4782608695652174,90.13566433566432,0.3811475409836065,0.2994011976047904,408.0
101,dc90f6e6-0e5d-4272-8070-9cd82ee97959,Connor,Wong,Red Sox,C,R,C,0.2893890675241157,0.0,0.3333333333333333,0.2,0.4340836012861736,0.0,0.6666666666666666,0.6,0.2898550724637681,0.2884615384615384,89.56333333333333,0.3144329896907216,0.2478632478632478,304.0
102,a7f1b8e8-1040-4b51-9eb9-ef3ede3ea8bd,Reese,McGuire,Red Sox,C,L,C,0.3006535947712418,0.0,0.6666666666666666,0.4,0.392156862745098,0.0,0.6666666666666666,0.5,0.2886597938144329,0.3214285714285714,89.4608695652174,0.3076923076923077,0.2954545454545454,150.0
103,7057e7fa-6d96-451e-9546-2e43d5e116d6,Randy,Arozarena,Rays,LF,R,OF,0.367816091954023,1.0,0.6666666666666666,0.6,0.5095785440613027,1.0,0.6666666666666666,0.9,0.2880258899676375,0.4835680751173709,89.73697916666667,0.348993288590604,0.3928571428571428,517.0
104,4d98a6ec-d2d4-4b23-8e4d-d44e0e828512,Lucas,Raley,Rays,RF,L,OF,0.336283185840708,1.0,0.3333333333333333,0.3,0.5575221238938053,1.0,0.3333333333333333,0.3,0.3303964757709251,0.3482142857142857,89.22543859649123,0.3134328358208955,0.3695652173913043,335.0
105,8528380c-334b-44eb-a0c9-b1b354110899,Harold,Ramírez,Rays,DH,R,DH,0.3520710059171598,0.0,0.0,0.5,0.4822485207100592,0.0,0.0,0.6,0.375,0.3153846153846154,89.34453781512605,0.3910891089108911,0.2941176470588235,329.0
106,131182ce-81e4-410b-aaba-4a4fc6b7676b,Jose,Siri,Rays,CF,R,OF,0.263843648208469,1.0,0.6666666666666666,0.4,0.5374592833876222,1.0,0.6666666666666666,0.7,0.2688172043010752,0.256198347107438,88.47777777777777,0.2628571428571428,0.2651515151515151,298.0
107,e29b3d43-083a-46c8-8480-ef03dd9b2670,Joshua,Lowe,Rays,RF,L,OF,0.320855614973262,1.0,0.3333333333333333,0.5,0.5213903743315508,1.0,0.3333333333333333,0.8,0.3491379310344827,0.2746478873239437,87.94083333333333,0.3333333333333333,0.3072625698324022,373.0
108,cdf1abd4-753d-4e58-843f-ca5d5bb25ee5,Isaac,Paredes,Rays,3B,R,IF,0.3556581986143187,0.0,0.6666666666666666,0.5,0.5681293302540416,0.0,1.0,0.9,0.30859375,0.423728813559322,89.92077922077921,0.332046332046332,0.3908045977011494,429.0
109,1e4ef041-1061-4300-a43c-d58eaf36a3f1,Curtis,Mead,Rays,2B,R,IF,0.3846153846153846,1.0,0.6666666666666666,0.5,0.4102564102564102,1.0,0.6666666666666666,0.6,0.28,0.5714285714285714,88.29333333333334,0.391304347826087,0.375,36.0
110,c91b7458-14bf-4a62-b147-c47ad2f19396,Yandy,Díaz,Rays,1B,R,IF,0.405857740585774,0.0,0.3333333333333333,0.6,0.5690376569037657,0.0,0.3333333333333333,0.7,0.373134328358209,0.4825174825174825,89.3381443298969,0.41015625,0.4009009009009009,467.0
111,444c8c4c-2fda-4078-bedf-ae0683e9d5c8,Osleivis,Basabe,Rays,SS,R,IF,0.3611111111111111,1.0,0.3333333333333333,0.5,0.5277777777777778,1.0,0.3333333333333333,0.7,0.3076923076923077,0.5,84.55384615384615,0.5,0.2222222222222222,31.0
112,cafd29c0-91ac-4472-819c-c6dfb04bad71,Brandon,Lowe,Rays,2B,L,IF,0.3201219512195122,1.0,0.6666666666666666,0.5,0.5030487804878049,1.0,0.6666666666666666,0.8,0.2785388127853881,0.4036697247706422,88.41714285714285,0.3575757575757576,0.2822085889570552,324.0
113,ec551b49-c8ec-4333-8765-f277f8e3291a,Jonathan,Aranda,Rays,2B,L,IF,0.2727272727272727,0.0,0.6666666666666666,0.4,0.4545454545454545,0.0,0.6666666666666666,0.7,0.2,0.4285714285714285,89.01666666666667,0.2142857142857142,0.375,18.0
114,f5a594e5-adfe-4678-ac59-d4b3c823ce37,Christian,Bethancourt,Rays,C,R,C,0.2625899280575539,1.0,0.6666666666666666,0.3,0.3992805755395683,1.0,0.6666666666666666,0.3,0.2678571428571428,0.2545454545454545,87.72876712328767,0.2721518987341772,0.25,274.0
115,f0410dba-4fbd-46fc-8ce8-8575f0fa0a32,René,Pinto,Rays,C,R,C,0.2727272727272727,0.0,0.0,0.3,0.3636363636363636,0.0,0.0,0.6,0.2962962962962963,0.1666666666666666,91.2,0.3,0.2307692307692307,29.0
116,0f626ddc-1c79-43af-9407-12aa1381d420,Austin,Hays,Orioles,LF,R,OF,0.3250564334085778,0.0,0.3333333333333333,0.4,0.4830699774266365,0.0,0.3333333333333333,0.5,0.3164983164983165,0.3424657534246575,90.2798611111111,0.3503937007874015,0.291005291005291,432.0
117,7886119a-782e-4a4e-be38-a2de42405b08,Ryan,McKenna,Orioles,RF,R,OF,0.3015873015873015,0.0,0.0,0.3,0.3968253968253968,0.0,0.0,0.3,0.2659574468085106,0.40625,88.07368421052632,0.2794117647058823,0.3275862068965517,123.0
118,cb07e138-22b7-4a0a-a294-5b9d89475e1d,Adam,Frazier,Orioles,2B,L,IF,0.2949061662198391,0.0,0.3333333333333333,0.3,0.450402144772118,0.0,0.6666666666666666,0.4,0.2480620155038759,0.4,89.95818181818181,0.3283582089552239,0.2558139534883721,371.0
119,95f62738-6fd7-48a0-b8a8-46f17c0f939c,Ryan,O'Hearn,Orioles,1B,L,IF,0.3306451612903225,0.0,0.0,0.4,0.5201612903225806,0.0,0.0,0.7,0.3522012578616352,0.2921348314606741,89.79146341463414,0.3266666666666666,0.336734693877551,246.0
120,faf93f6f-b60e-4c9e-a83f-5ba8b0aca02c,Boyce,Mullins,Orioles,CF,L,OF,0.3282674772036474,0.0,0.0,0.2,0.4924012158054711,0.0,0.0,0.2,0.2586206896551724,0.4948453608247423,90.29444444444444,0.3073170731707317,0.3629032258064516,321.0
121,d4bc8879-c7dc-430f-bcb8-e932b21a2e7c,Anthony,Santander,Orioles,RF,L,OF,0.3199195171026157,0.0,0.3333333333333333,0.2,0.5090543259557344,0.0,0.3333333333333333,0.2,0.3010752688172043,0.3440366972477064,88.96037735849058,0.3249097472924188,0.3136363636363636,496.0
122,0672f3d5-5781-47bb-b111-abec96c38355,Ramón,Urías,Orioles,3B,R,IF,0.3196202531645569,1.0,0.3333333333333333,0.3,0.4367088607594936,1.0,0.3333333333333333,0.3,0.2871287128712871,0.3771929824561403,90.04059405940595,0.3461538461538461,0.2835820895522388,311.0
123,770894ef-45bc-4a10-a18e-d35b4b1fa867,Gunnar,Henderson,Orioles,SS,L,IF,0.3267543859649123,0.0,0.0,0.6,0.5328947368421053,0.0,0.0,1.3,0.3079470198675497,0.3636363636363636,89.40805369127516,0.3571428571428571,0.2892156862745098,452.0
124,c485275f-bbe2-42e5-9480-3c2c739c7805,Jordan,Westburg,Orioles,3B,R,IF,0.3020134228187919,0.0,0.6666666666666666,0.4,0.436241610738255,0.0,1.0,0.6,0.3,0.3076923076923077,89.57111111111111,0.3243243243243243,0.28,146.0
125,9b8a295d-bae1-4684-bf38-9f64dc0fd22e,Jorge,Mateo,Orioles,SS,R,IF,0.2508250825082508,0.0,0.3333333333333333,0.3,0.3762376237623762,0.0,0.3333333333333333,0.7,0.2606382978723404,0.2347826086956521,88.12894736842105,0.2321428571428571,0.2740740740740741,297.0
126,9fc34f7c-7d68-4d82-9460-0b12f3e728b5,Ryan,Mountcastle,Orioles,1B,R,IF,0.3168831168831169,0.0,0.0,0.4,0.5038961038961038,0.0,0.0,0.7,0.3231441048034934,0.3076923076923077,88.98606557377049,0.3347280334728033,0.2876712328767123,377.0
127,e1aabb4c-3fa9-4053-b2a7-29a05607df88,Adley,Rutschman,Orioles,C,R,C,0.3615819209039548,0.0,0.6666666666666666,0.6,0.4971751412429379,0.0,1.0,0.7,0.2913165266106443,0.5057471264367817,90.38229166666667,0.3875432525951557,0.3305785123966942,526.0
128,71580b08-acfc-4d33-9670-6e5a82f389ea,James,McCann,Orioles,C,R,C,0.2831325301204819,1.0,0.6666666666666666,0.5,0.4277108433734939,1.0,0.6666666666666666,0.8,0.3027522935779816,0.2456140350877192,89.67234042553193,0.2523364485981308,0.3389830508474576,161.0
129,83b81ba1-2cdb-4bdb-a361-547babd28595,Akil,Baddoo,Tigers,LF,L,OF,0.3062730627306273,1.0,0.3333333333333333,0.3,0.4354243542435424,1.0,0.3333333333333333,0.3,0.2553191489361702,0.4216867469879518,88.70963855421687,0.2922077922077922,0.3247863247863248,262.0
130,6886b386-f632-4ce4-86f4-e4f3f12d7671,Kerry,Carpenter,Tigers,LF,L,OF,0.3486842105263157,1.0,0.6666666666666666,0.6,0.5822368421052632,1.0,0.6666666666666666,1.3,0.3473684210526316,0.3508771929824561,87.8754716981132,0.3416149068322981,0.3566433566433566,298.0
131,8b1d6dfc-3769-400d-8dd5-d2a61186b16e,Matthew,Vierling,Tigers,RF,R,OF,0.3231552162849873,0.0,0.3333333333333333,0.3,0.4223918575063613,0.0,0.3333333333333333,0.3,0.2921348314606741,0.3888888888888889,89.05354330708661,0.3275862068965517,0.3167701863354037,382.0
132,c2689320-b989-4bbc-9afb-28e06aa31077,Riley,Greene,Tigers,CF,L,OF,0.3582887700534759,0.0,0.0,0.2,0.516042780748663,0.0,0.0,0.2,0.3539094650205761,0.366412213740458,88.96417910447762,0.4043478260869565,0.2847222222222222,367.0
133,80a1ea9a-1ab3-4158-a335-8565fd32ff7c,Parker,Meadows,Tigers,CF,L,OF,0.4444444444444444,1.0,1.0,0.5,0.6666666666666666,3.0,1.6666666666666667,0.75,0.75,0.2,92.925,0.3333333333333333,0.6666666666666666,7.0
134,7bf4c47d-0b2d-4eb2-8cd2-4b0e82994193,Zachary,McKinstry,Tigers,3B,L,IF,0.3017456359102244,0.0,0.3333333333333333,0.4,0.4064837905236907,0.0,0.3333333333333333,0.4,0.2762645914396887,0.3472222222222222,90.44297520661158,0.3192307692307692,0.2695035460992908,394.0
135,3d80e438-5595-45d3-a066-43eb43097915,Andy,Ibáñez,Tigers,2B,R,IF,0.2830882352941176,1.0,0.6666666666666666,0.4,0.4558823529411764,4.0,2.6666666666666665,1.1,0.2906976744186046,0.27,89.33246753246753,0.3141025641025641,0.2413793103448276,261.0
136,1ed33379-a8f4-456d-9ea8-e3081ed56767,Zachary,Short,Tigers,2B,R,IF,0.2985074626865671,0.0,0.3333333333333333,0.1,0.417910447761194,0.0,0.6666666666666666,0.2,0.2628205128205128,0.4222222222222222,88.97166666666666,0.3308823529411764,0.2307692307692307,197.0
137,497c4595-bd0f-4a9e-b9cf-cb2eacb735bb,Ednel,Báez,Tigers,SS,R,IF,0.2653508771929824,0.0,0.0,0.3,0.3640350877192982,0.0,0.0,0.6,0.2823529411764706,0.2437810945273631,88.16528925619835,0.2846153846153846,0.2397959183673469,454.0
138,12085747-6898-4d08-9ceb-c6860dd35f6d,Spencer,Torkelson,Tigers,1B,R,IF,0.3180952380952381,0.0,0.0,0.5,0.5066666666666667,0.0,0.0,0.9,0.2829131652661064,0.3928571428571428,89.96946107784431,0.3537414965986394,0.2727272727272727,519.0
139,b6ea052b-e46e-48c1-bb94-783ff4a4a9d5,Jacob,Rogers,Tigers,C,R,C,0.2727272727272727,0.0,0.3333333333333333,0.1,0.4654545454545454,0.0,0.6666666666666666,0.2,0.2512820512820513,0.325,89.084,0.281437125748503,0.2592592592592592,271.0
140,d421cd0d-43d1-41fa-9ef0-8bf1bb2442aa,Carson,Kelly,Tigers,C,R,C,0.2631578947368421,0.0,0.0,0.4,0.3263157894736842,0.0,0.0,0.5,0.2307692307692307,0.3333333333333333,89.708,0.2127659574468085,0.3125,92.0
141,0fad748a-3ed8-4787-97db-845155c8e7ce,Jose,Cabrera,Tigers,DH,R,DH,0.3186813186813186,0.0,0.0,0.1,0.3956043956043956,0.0,0.0,0.1,0.3072625698324022,0.3404255319148936,89.92068965517242,0.3664596273291925,0.25,266.0
142,6134a0ed-a538-4f2b-afd4-84e90a4c9022,Joseph,Gallo,Twins,1B,L,IF,0.2993630573248407,0.0,0.3333333333333333,0.3,0.5254777070063694,0.0,0.3333333333333333,0.3,0.2227722772277227,0.4375,89.46170212765956,0.2916666666666667,0.3114754098360656,309.0
143,91f9054d-6b34-41a8-b032-591dfc026fd7,Matthew,Wallner,Twins,LF,L,OF,0.3407407407407407,0.0,0.0,0.3,0.5851851851851851,0.0,0.0,0.5,0.2613636363636363,0.4893617021276595,88.05217391304348,0.3604651162790697,0.3061224489795918,134.0
144,75a7cc9c-d91a-4435-9e77-2ca994b94478,Jordan,Luplow,Twins,DH,R,DH,0.3636363636363636,0.0,0.3333333333333333,0.2,0.4772727272727273,0.0,0.6666666666666666,0.3,0.2962962962962963,0.4705882352941176,84.8125,0.3461538461538461,0.3888888888888889,38.0
145,9fd5e31f-8188-48bf-a93b-c9d9dbd29265,Michael A.,Taylor,Twins,CF,R,OF,0.2735562310030395,1.0,0.6666666666666666,0.5,0.458966565349544,1.0,0.6666666666666666,0.5,0.2898550724637681,0.2459016393442623,88.33222222222221,0.2707182320441988,0.277027027027027,326.0
146,a16f6afb-dbff-42ad-9621-52b769d2f224,Maximilian,Kepler,Twins,RF,L,OF,0.3022598870056497,0.0,0.3333333333333333,0.3,0.5112994350282486,0.0,0.3333333333333333,0.5,0.268,0.3846153846153846,88.9177570093458,0.3210526315789473,0.2804878048780488,341.0
147,01776cda-8dd8-465b-8635-d314fb002c1a,Royce,Lewis,Twins,3B,R,IF,0.3548387096774194,0.0,0.0,0.0,0.4838709677419355,0.0,0.0,0.0,0.3614457831325301,0.3414634146341463,89.69318181818181,0.3333333333333333,0.3818181818181818,121.0
148,079a9121-7c29-4cec-96f7-70d61e6b7d51,Jorge,Polanco,Twins,2B,R,IF,0.3150684931506849,0.0,0.0,0.2,0.4794520547945205,0.0,0.0,0.2,0.2857142857142857,0.3670886075949367,88.43188405797102,0.325,0.303030303030303,216.0
149,41fe3ba1-7f3e-4d1a-b088-291e84e82a67,James,Farmer,Twins,3B,R,IF,0.304029304029304,1.0,0.6666666666666666,0.4,0.4139194139194139,1.0,0.6666666666666666,0.4,0.3095238095238095,0.2952380952380952,89.2301204819277,0.3552631578947368,0.2396694214876033,267.0
150,febb6fc3-1538-4ca1-8323-5c47a23ddb2d,Donovan,Solano,Twins,1B,R,IF,0.3701492537313433,0.0,0.0,0.3,0.4746268656716418,0.0,0.0,0.4,0.3502304147465437,0.4067796610169492,90.09274193548389,0.4088397790055249,0.3246753246753247,329.0
151,3259a7ad-0490-4912-bd86-d06bf3ac91e0,Carlos,Correa,Twins,SS,R,IF,0.3054393305439331,0.0,0.3333333333333333,0.4,0.4602510460251046,0.0,0.3333333333333333,0.4,0.2801302931596091,0.3508771929824561,89.8527397260274,0.2898550724637681,0.3267326732673267,469.0
152,fcb6b23a-cace-4dc1-bc05-e12378183fbc,Edouard,Julien,Twins,2B,L,IF,0.3823529411764705,1.0,0.3333333333333333,0.4,0.5441176470588235,2.0,0.6666666666666666,0.5,0.3298429319371728,0.5061728395061729,89.39423076923077,0.391025641025641,0.3706896551724138,270.0
153,0d7a27a9-f41c-4fce-930e-113aa4cf4c52,Christian,Vázquez,Twins,C,R,C,0.2851985559566787,0.0,0.3333333333333333,0.5,0.3682310469314079,0.0,1.3333333333333333,1.0,0.2606060606060606,0.3214285714285714,90.2,0.3288590604026846,0.234375,272.0
154,005c0339-91b9-4b00-a373-105e761382eb,Ryan,Jeffers,Twins,C,R,C,0.3739495798319328,0.0,0.3333333333333333,0.3,0.542016806722689,0.0,0.3333333333333333,0.3,0.3178807947019867,0.4712643678160919,89.43707865168538,0.3823529411764705,0.3627450980392157,236.0
155,6494810c-fc26-4bec-95f5-0cd7d2b4a4e9,Mervyl,Melendez,Royals,LF,L,OF,0.3047034764826176,0.0,0.3333333333333333,0.4,0.4478527607361963,0.0,0.3333333333333333,0.7,0.2721518987341772,0.3641618497109826,89.72214765100671,0.3017543859649123,0.3088235294117647,486.0
156,ebe5be8d-5508-4a55-9922-b7350f0c3563,Dairon,Blanco,Royals,CF,R,OF,0.2947368421052631,0.0,0.0,0.4,0.4421052631578947,0.0,0.0,0.6,0.2950819672131147,0.2941176470588235,89.24642857142858,0.3157894736842105,0.2631578947368421,93.0
157,5678ca88-577b-46f9-9f9f-5a118003db1a,Kyle,Isbel,Royals,CF,L,OF,0.2682926829268293,0.0,0.3333333333333333,0.4,0.3983739837398374,0.0,0.3333333333333333,0.4,0.2608695652173913,0.2903225806451613,89.49090909090908,0.3442622950819672,0.1935483870967742,244.0
158,01d0dcb1-4d87-4a28-824d-9c5a17cd1d27,Drew,Waters,Royals,RF,R,OF,0.2928870292887029,0.0,0.3333333333333333,0.2,0.4351464435146444,0.0,0.3333333333333333,0.2,0.2987012987012987,0.2823529411764706,88.6842857142857,0.2748091603053435,0.3148148148148148,237.0
159,ea7b7c30-a1e8-4a30-abd6-dd777ab75b35,Nelson,Velázquez,Royals,RF,R,OF,0.2878787878787879,0.0,0.0,0.1,0.6363636363636364,0.0,0.0,0.1,0.3061224489795918,0.2352941176470588,92.41052631578948,0.3125,0.2647058823529412,63.0
160,3c07814a-966e-4358-82f5-f59c32af8c94,Maikel,Garcia,Royals,3B,R,IF,0.3289473684210526,1.0,0.6666666666666666,0.4,0.4131578947368421,1.0,0.6666666666666666,0.4,0.3074074074074074,0.3818181818181818,89.60560000000001,0.3189655172413793,0.3445945945945945,371.0
161,00856892-9a5a-4161-b979-4335dab399cc,Matthew,Duffy,Royals,3B,R,IF,0.3093922651933701,0.0,0.0,0.1,0.3646408839779005,0.0,0.0,0.1,0.314516129032258,0.2982456140350877,89.85892857142858,0.2660550458715596,0.375,179.0
162,0f20f69e-28c9-4fb4-8b1e-cde154780682,Robert,Witt Jr.,Royals,SS,R,IF,0.3162705667276051,0.0,0.0,0.1,0.5228519195612431,0.0,0.0,0.4,0.3066298342541436,0.3351351351351351,89.50809248554913,0.3252279635258359,0.3027522935779816,539.0
163,d2cf2da2-3691-41cd-91cd-d8691269bfea,Michael,Massey,Royals,2B,L,IF,0.2740112994350282,1.0,0.3333333333333333,0.3,0.4011299435028249,2.0,0.6666666666666666,0.4,0.2826086956521739,0.2580645161290322,89.32061855670104,0.2722513089005235,0.2760736196319018,345.0
164,bbf45136-f05b-4e3b-9f61-fcbdba246982,Samad,Taylor,Royals,2B,R,IF,0.2698412698412698,1.0,0.3333333333333333,0.2,0.3174603174603174,1.0,0.3333333333333333,0.2,0.2142857142857142,0.3809523809523809,89.81764705882354,0.1842105263157894,0.4,61.0
165,4f68ff33-816e-4038-a4fb-8676758f8f0b,Matthew,Beaty,Royals,1B,L,IF,0.3333333333333333,0.0,0.3333333333333333,0.5,0.4222222222222222,0.0,0.6666666666666666,0.6,0.3214285714285714,0.3529411764705882,86.38666666666667,0.3333333333333333,0.3333333333333333,43.0
166,9baf07d4-b1cb-4494-8c95-600d9e8de1a9,Salvador,Perez,Royals,C,R,C,0.2918454935622318,0.0,0.3333333333333333,0.1,0.4549356223175965,0.0,0.3333333333333333,0.1,0.3095238095238095,0.2710280373831775,89.47279411764706,0.2790697674418604,0.3076923076923077,462.0
167,2ca1b67a-71fc-419b-8be3-42af7dfa5fc9,Freddy,Fermin,Royals,C,R,C,0.3214285714285714,0.0,0.0,0.2,0.5153061224489796,0.0,0.0,0.3,0.3006993006993007,0.3773584905660377,88.25873015873016,0.3269230769230769,0.3152173913043478,190.0
168,0e5244cd-9226-4ee1-bb63-d022a9240ca0,Andrew,Benintendi,White Sox,LF,L,OF,0.3271604938271605,0.0,0.0,0.4,0.4074074074074074,0.0,0.0,0.5,0.3049853372434017,0.3793103448275862,88.99245283018867,0.3129496402877698,0.3461538461538461,478.0
169,f4afee13-2559-4632-b938-25cf3af92479,Gavin,Sheets,White Sox,RF,L,OF,0.2734375,0.0,0.0,0.1,0.40625,0.0,0.0,0.2,0.25,0.3181818181818182,88.68857142857142,0.3071428571428571,0.2327586206896551,251.0
170,213bd941-37dc-40a1-ab22-1d62cebb6bc1,Luis,Robert Jr.,White Sox,CF,R,OF,0.3123732251521298,1.0,0.6666666666666666,0.3,0.5720081135902637,1.0,0.6666666666666666,0.3,0.3378378378378378,0.2741116751269035,89.24675324675324,0.3531468531468531,0.2560386473429952,489.0
171,3742039b-7c2a-4f75-be72-d4478ed83a58,Trayce,Thompson,White Sox,CF,R,OF,0.3008849557522124,0.0,0.3333333333333333,0.2,0.4336283185840708,0.0,0.3333333333333333,0.2,0.21875,0.4081632653061224,89.86764705882354,0.3043478260869565,0.2954545454545454,110.0
172,e78045e6-da3c-4b92-9b51-b93b403213ab,Oscar,Colás,White Sox,RF,L,OF,0.2548076923076923,0.0,0.3333333333333333,0.3,0.3317307692307692,0.0,0.3333333333333333,0.5,0.2682926829268293,0.2352941176470588,89.03396226415094,0.320754716981132,0.1862745098039215,204.0
173,c600f34b-b32e-4369-9f9b-e4b0fef2c8c4,Yoán,Moncada,White Sox,3B,R,IF,0.2745901639344262,1.0,0.3333333333333333,0.3,0.3852459016393442,1.0,0.3333333333333333,0.4,0.2641509433962264,0.2941176470588235,88.28507462686568,0.2686567164179104,0.2818181818181818,240.0
174,cf579a96-a6f7-41a6-85a9-cf8f145ba3c7,Timothy,Anderson,White Sox,SS,R,IF,0.2828282828282828,0.0,0.0,0.3,0.3257575757575757,0.0,0.0,0.3,0.2829457364341085,0.2826086956521739,88.68214285714285,0.2838983050847458,0.28125,383.0
175,85d6d865-97c4-427b-8f4f-eb6dad286e57,Elvis,Andrus,White Sox,2B,R,IF,0.2950310559006211,0.0,0.0,0.2,0.3850931677018633,0.0,0.0,0.3,0.2819383259911894,0.3263157894736842,89.14631578947368,0.3197674418604651,0.2666666666666666,318.0
176,db42ccb9-d946-40bf-97d9-b2d520d31319,Lenyn,Sosa,White Sox,2B,R,IF,0.160919540229885,0.0,0.3333333333333333,0.3,0.264367816091954,0.0,0.3333333333333333,0.6,0.1551724137931034,0.1724137931034483,88.42142857142858,0.1052631578947368,0.2040816326530612,82.0
177,60cf6995-e2a5-47d7-834a-d25cdbdf7f3e,Andrew,Vaughn,White Sox,1B,R,IF,0.3186582809224318,1.0,0.6666666666666666,0.5,0.4779874213836478,1.0,0.6666666666666666,0.8,0.3074433656957929,0.3392857142857143,89.38421052631578,0.3646616541353383,0.2606635071090047,472.0
178,643547ae-4a60-4135-b290-88a1b2160cbb,Yasmani,Grandal,White Sox,C,L,C,0.3076923076923077,1.0,0.3333333333333333,0.3,0.4065934065934066,1.0,0.3333333333333333,0.3,0.2918454935622318,0.3358778625954198,89.43392857142858,0.33,0.2804878048780488,360.0
179,725c41a3-311d-43ee-a2f9-586fd4afa383,Carlos,Pérez,White Sox,C,R,C,0.2592592592592592,0.0,0.3333333333333333,0.4,0.3333333333333333,0.0,0.3333333333333333,0.5,0.25,0.2857142857142857,92.27142857142856,0.2142857142857142,0.3076923076923077,22.0
180,9061eb1e-fa57-46e6-8ea0-a853eae89310,Eloy,Jiménez,White Sox,DH,R,DH,0.3181818181818182,0.0,0.3333333333333333,0.3,0.4801136363636363,0.0,0.3333333333333333,0.4,0.3094170403587444,0.3333333333333333,89.31696428571429,0.3446327683615819,0.2914285714285714,347.0
181,a0cad108-d00e-422a-bd43-36601fbe0db4,Steven,Kwan,Guardians,LF,L,OF,0.3387387387387387,1.0,0.3333333333333333,0.3,0.4378378378378378,1.0,0.3333333333333333,0.4,0.3017902813299232,0.4268292682926829,89.93882978723404,0.3669724770642202,0.2982456140350877,540.0
182,3dbbc8ce-7069-4da4-be4f-6fbee631d8a7,William,Brennan,Guardians,RF,L,OF,0.2873239436619718,1.0,0.6666666666666666,0.3,0.3859154929577464,1.0,0.6666666666666666,0.4,0.3130434782608696,0.24,88.81568627450982,0.3233830845771144,0.2402597402597402,348.0
183,7c6cd7f8-4089-4765-b796-1f94fd48c3a7,Myles,Straw,Guardians,CF,R,OF,0.303030303030303,0.0,0.3333333333333333,0.2,0.358974358974359,0.0,0.3333333333333333,0.2,0.264026402640264,0.3968253968253968,90.01153846153846,0.3308550185873606,0.25625,424.0
184,bec82782-dc29-487b-8aea-96dea289375b,Ramón,Laureano,Guardians,RF,R,OF,0.2756183745583039,0.0,0.3333333333333333,0.2,0.4028268551236749,0.0,0.3333333333333333,0.2,0.2564102564102564,0.3181818181818182,89.24871794871794,0.2909090909090909,0.2542372881355932,274.0
185,42d18dbb-dfad-4921-ac31-d96ec8181d9f,Oscar,Gonzalez,Guardians,RF,R,OF,0.2450331125827814,0.0,0.3333333333333333,0.1,0.3509933774834437,0.0,1.3333333333333333,0.4,0.2692307692307692,0.2191780821917808,87.81891891891892,0.225,0.2676056338028169,145.0
186,73c62d3d-8dbc-465f-8dc6-0d0c2f40e4b2,Gabriel,Arias,Guardians,1B,R,IF,0.2857142857142857,0.0,0.3333333333333333,0.3,0.4033613445378151,0.0,0.3333333333333333,0.3,0.25,0.3536585365853658,88.98235294117647,0.2847682119205298,0.2873563218390804,231.0
187,17e633e5-e7a5-445c-8206-4770254ea2fd,José,Ramírez,Guardians,3B,R,IF,0.3339805825242718,1.0,0.3333333333333333,0.2,0.5145631067961165,1.0,0.3333333333333333,0.2,0.3295454545454545,0.3435582822085889,89.38023255813954,0.3357142857142857,0.3319148936170212,512.0
188,87056925-aecb-4af8-9fa5-f08c96bae9f8,Tyler,Freeman,Guardians,3B,R,IF,0.3113207547169811,0.0,0.0,0.0,0.3679245283018867,0.0,0.0,0.0,0.2537313432835821,0.4102564102564102,89.83333333333333,0.3389830508474576,0.2765957446808511,104.0
189,c9c63926-40bb-4305-af07-4a486a9d5474,Brayan,Rocchio,Guardians,SS,R,IF,0.2878787878787879,0.0,0.3333333333333333,0.2,0.3484848484848485,0.0,0.3333333333333333,0.2,0.2558139534883721,0.3478260869565217,90.27368421052633,0.3953488372093023,0.0869565217391304,64.0
190,0d84b0e6-869f-4b15-8eea-0d8444c49906,Andrés,Giménez,Guardians,2B,L,IF,0.309623430962343,0.0,0.3333333333333333,0.3,0.4393305439330544,0.0,0.3333333333333333,0.3,0.2696245733788396,0.372972972972973,88.95135135135135,0.3440860215053763,0.2613065326633166,474.0
191,46b5ebd8-b678-4748-ae90-a879afc3d270,Kole,Calhoun,Guardians,RF,L,OF,0.3703703703703703,0.0,0.0,0.3,0.5185185185185185,0.0,0.0,0.6,0.3513513513513513,0.4117647058823529,92.03,0.3870967741935484,0.3478260869565217,51.0
192,dfe4ba88-3fee-4401-bf88-13a59ccf8b07,Noah,Naylor,Guardians,C,L,C,0.2805755395683453,1.0,0.3333333333333333,0.4,0.4172661870503597,1.0,0.3333333333333333,0.6,0.2441860465116279,0.3396226415094339,90.64102564102564,0.2891566265060241,0.2678571428571428,136.0
193,998f72fc-a811-4f19-b423-4e55c25791d6,Eric,Haase,Guardians,C,R,C,0.2419928825622775,0.0,0.0,0.2,0.3202846975088968,0.0,0.0,0.5,0.2372881355932203,0.25,88.78088235294118,0.2738095238095238,0.1946902654867256,272.0
194,22bcbdc8-1a8c-4dea-8794-b17c88c7b8b9,Spencer,Steer,Reds,1B,R,IF,0.349705304518664,1.0,0.6666666666666666,0.4,0.518664047151277,2.0,1.0,0.6,0.2949438202247191,0.477124183006536,89.35730337078652,0.3574144486692015,0.3414634146341463,507.0
196,0a7c5ebf-489c-4a98-b468-d443f21bf1e0,William,Benson,Reds,RF,L,OF,0.3832599118942731,1.0,0.6666666666666666,0.2,0.5770925110132159,1.0,0.6666666666666666,0.2,0.3231707317073171,0.5396825396825397,89.79425287356322,0.365079365079365,0.4059405940594059,215.0
197,5929fbff-e36a-4a4c-9eb4-c88ffe38e32e,Terry,Friedl,Reds,CF,L,OF,0.3309002433090024,0.0,0.3333333333333333,0.2,0.4768856447688564,0.0,0.6666666666666666,0.3,0.2902097902097902,0.424,90.50808823529412,0.3448275862068966,0.3128491620111732,408.0
199,18c9aa41-1655-49a3-ab14-7c7a840630f9,Mark,Hopkins,Reds,CF,R,OF,0.2121212121212121,0.0,0.0,0.2,0.2121212121212121,0.0,0.0,0.2,0.1111111111111111,0.3333333333333333,91.54285714285712,0.25,0.1538461538461538,32.0
200,457e0d34-698f-4ee3-ba0e-4bf703200d8f,Elly,De La Cruz,Reds,SS,L,IF,0.3010752688172043,0.0,0.3333333333333333,0.3,0.4838709677419355,0.0,0.3333333333333333,0.6,0.3090909090909091,0.2894736842105263,87.29047619047618,0.3037037037037037,0.2986111111111111,275.0
201,797af52b-78ef-4989-ba56-bf9acfa8be63,Noelvi,Marte,Reds,SS,R,IF,0.25,1.0,0.3333333333333333,0.2857142857142857,0.375,1.0,0.3333333333333333,0.4285714285714285,0.3333333333333333,0.0,87.65,0.25,0.25,3.0
202,429eaa60-463f-4c48-ae31-4e3df86674d8,Matthew,McLain,Reds,2B,R,IF,0.3609625668449198,1.0,0.3333333333333333,0.3,0.5561497326203209,1.0,0.3333333333333333,0.6,0.3577235772357723,0.3671875,89.96814814814816,0.35,0.3711340206185567,371.0
203,f6a52aa9-6607-445b-a6cb-34a73b1859f9,Joseph,Votto,Reds,1B,L,IF,0.3056994818652849,0.0,0.0,0.1,0.533678756476684,0.0,0.0,0.1,0.272,0.3676470588235294,90.8,0.3545454545454545,0.2409638554216867,190.0
204,cfaae0a0-760c-484e-af0e-f904beccc514,Christian,Encarnacion-Strand,Reds,3B,R,IF,0.3103448275862069,0.0,0.0,0.3,0.4310344827586206,0.0,0.0,0.3,0.3066666666666666,0.3170731707317073,90.52222222222224,0.3076923076923077,0.3137254901960784,112.0
205,d9913442-0879-466c-926a-843188b66f89,Tyler,Stephenson,Reds,C,R,C,0.3206650831353919,0.0,0.0,0.3,0.4228028503562945,0.0,0.0,0.6,0.3054545454545455,0.3493150684931507,89.57185185185186,0.336405529953917,0.3039215686274509,417.0
206,d7bb376c-9f2b-449b-b1eb-c6be13aa4886,Luke,Maile,Reds,C,R,C,0.3013698630136986,0.0,0.0,0.2,0.4726027397260274,0.0,0.0,0.2,0.2815533980582524,0.3488372093023256,89.71363636363637,0.3294117647058823,0.2622950819672131,139.0
207,65fc46ca-350d-4eaf-bc40-8851c3378bc6,Tyler,O'Neill,Cardinals,LF,R,OF,0.3188405797101449,0.0,0.0,0.3,0.4734299516908212,0.0,0.0,0.5,0.2720588235294117,0.4084507042253521,89.95,0.3008849557522124,0.3404255319148936,203.0
208,991ace91-d77f-4fad-b7a8-e94090299949,Alec,Burleson,Cardinals,LF,L,OF,0.2951388888888889,1.0,0.6666666666666666,0.5,0.4444444444444444,1.0,0.6666666666666666,0.6,0.2459893048128342,0.3861386138613861,89.47882352941176,0.2933333333333333,0.2971014492753623,281.0
209,7941825b-0909-40e8-b680-8c6493f24c89,Jordan,Walker,Cardinals,RF,R,OF,0.3262195121951219,1.0,0.3333333333333333,0.4,0.4725609756097561,1.0,0.3333333333333333,0.6,0.3198198198198198,0.3396226415094339,88.5,0.3602150537634409,0.2816901408450704,326.0
210,aec77ff1-c238-449c-9af6-ed76ff9dd702,Nolan,Arenado,Cardinals,3B,R,IF,0.322265625,0.0,0.3333333333333333,0.3,0.52734375,0.0,0.3333333333333333,0.4,0.3252279635258359,0.3169398907103825,88.75999999999999,0.3108108108108108,0.3379629629629629,508.0
211,24887442-7de5-4d3d-ab41-3a95e68828ec,Richard,Palacios,Cardinals,2B,L,IF,0.2857142857142857,0.0,0.3333333333333333,0.3,0.5714285714285714,0.0,1.3333333333333333,0.6,0.25,0.5,93.775,0.25,0.3333333333333333,10.0
212,3aea48c2-9d7c-46bc-b48e-627cbfa2a954,Thomas,Edman,Cardinals,SS,L,IF,0.3015463917525773,0.0,0.3333333333333333,0.2,0.4561855670103092,0.0,0.6666666666666666,0.3,0.2648083623693379,0.4059405940594059,89.2923076923077,0.3094170403587444,0.2909090909090909,383.0
213,6162380d-5201-4e3c-a1a3-0d3db5afc356,Masyn,Winn,Cardinals,SS,R,IF,0.2222222222222222,0.0,0.3333333333333333,0.3,0.2777777777777778,0.0,0.6666666666666666,0.4,0.2727272727272727,0.1428571428571428,81.925,0.125,0.3,14.0
214,3a2d8084-65b5-4579-9eb6-adfcffa0fcd2,José,Fermín,Cardinals,SS,R,IF,0.2413793103448276,1.0,0.3333333333333333,0.3,0.2413793103448276,1.0,0.3333333333333333,0.3,0.1578947368421052,0.4,92.38571428571429,0.3529411764705882,0.0833333333333333,23.0
215,d585374f-09b3-4a95-97c8-756650458f0d,Taylor,Motter,Cardinals,2B,R,IF,0.2285714285714285,0.0,0.3333333333333333,0.4,0.2571428571428571,0.0,0.3333333333333333,0.5,0.2325581395348837,0.2222222222222222,89.35,0.2093023255813953,0.2592592592592592,63.0
216,7c9c97fd-7a89-49e1-830b-0274a5c2209a,Paul,Goldschmidt,Cardinals,1B,R,IF,0.3593466424682395,1.0,0.6666666666666666,0.4,0.5136116152450091,1.0,0.6666666666666666,0.7,0.2877492877492877,0.485,89.36212121212121,0.3323262839879154,0.4,549.0
217,fd0239d3-7703-4dfa-a54c-9c0c7a1baf2f,Luken,Baker,Cardinals,1B,R,IF,0.2222222222222222,0.0,0.0,0.2,0.2222222222222222,0.0,0.0,0.2,0.1923076923076923,0.3,89.85,0.2083333333333333,0.25,34.0
218,9d93f121-f032-407d-bb30-ad3593641db9,Willson,Contreras,Cardinals,C,R,C,0.3509615384615384,1.0,0.3333333333333333,0.3,0.4975961538461538,2.0,0.6666666666666666,0.4,0.3256704980842911,0.3935483870967742,89.03904109589041,0.3090909090909091,0.3979591836734694,414.0
219,626336dd-9bdc-43da-9bcc-bcd412530bd3,Andrew,Knizner,Cardinals,C,R,C,0.3125,0.0,0.6666666666666666,0.5,0.5284090909090909,0.0,1.6666666666666667,0.8,0.275,0.3928571428571428,88.84545454545454,0.3,0.3333333333333333,171.0
220,bf611376-2b1d-4d5f-9805-57cbfb852063,Bryan,Reynolds,Pirates,LF,R,OF,0.3319672131147541,1.0,0.3333333333333333,0.4,0.5122950819672131,2.0,0.6666666666666666,0.7,0.3032069970845481,0.4,89.64135802469136,0.3603238866396761,0.3029045643153527,484.0
221,335fd8c9-1225-4dd9-8069-75fc53c96364,Connor,Joe,Pirates,RF,R,OF,0.3398876404494382,1.0,0.6666666666666666,0.6,0.5056179775280899,2.0,1.0,1.0,0.2945736434108527,0.4591836734693877,89.1702479338843,0.2984293193717277,0.3878787878787879,354.0
222,1e792b33-fdae-48fd-a2c4-3b9c2e33f178,Jack,Suwinski,Pirates,CF,L,OF,0.3300492610837438,0.0,0.0,0.3,0.5270935960591133,0.0,0.0,0.3,0.2313432835820895,0.5217391304347826,88.85597014925374,0.3482142857142857,0.3076923076923077,400.0
223,10f0cbb2-0ab7-4ecb-9949-b7de0bf02cbd,Vincent,Capra,Pirates,SS,R,IF,0.3,0.0,0.3333333333333333,0.3333333333333333,0.3,0.0,0.3333333333333333,0.3333333333333333,0.1666666666666666,0.5,85.76666666666667,0.25,0.3333333333333333,8.0
224,45867a80-a8d0-4c56-96fe-41a24d7c176b,Ji Hwan,Bae,Pirates,CF,L,OF,0.3062015503875969,0.0,0.3333333333333333,0.4,0.3720930232558139,0.0,0.3333333333333333,0.5,0.2645161290322581,0.3689320388349514,89.28101265822785,0.358974358974359,0.2254901960784313,252.0
225,88fe9848-7bce-4047-a62f-27f2775a0f5e,Joshua,Palacios,Pirates,CF,L,OF,0.253012048192771,0.0,0.0,0.3,0.4096385542168674,0.0,0.0,0.7,0.2362204724409448,0.3076923076923077,88.29047619047618,0.2777777777777778,0.2236842105263158,157.0
226,ec6f52a3-f3e9-40f0-acfe-1dfba879d18a,Ke'Bryan,Hayes,Pirates,3B,R,IF,0.2955145118733509,0.0,0.3333333333333333,0.3,0.4432717678100263,0.0,0.6666666666666666,0.4,0.2906976744186046,0.3057851239669421,88.80624999999999,0.2871287128712871,0.3050847457627119,368.0
227,df1f3dd7-6dac-46b4-9ed4-0a3b7e371fb3,Alexander,Williams,Pirates,SS,R,IF,0.3088235294117647,1.0,0.6666666666666666,0.5,0.3676470588235294,1.0,1.0,0.6,0.26,0.4444444444444444,89.29047619047618,0.3333333333333333,0.28125,62.0
228,5d763ac5-137a-4461-bba5-a2e5588e87f2,Liover,Peguero,Pirates,2B,R,IF,0.2857142857142857,1.0,0.6666666666666666,0.3,0.4725274725274725,1.0,0.6666666666666666,0.3,0.2424242424242424,0.4,90.0076923076923,0.2340425531914893,0.3409090909090909,79.0
229,7898f00d-28a6-445e-9436-e532da6f2c06,Alfonso,Rivas,Pirates,1B,L,IF,0.3088235294117647,1.0,0.3333333333333333,0.4,0.4705882352941176,1.0,0.3333333333333333,0.4,0.2391304347826087,0.4545454545454545,89.21428571428571,0.2972972972972973,0.3225806451612903,66.0
230,f7a9c3be-c466-4ada-9146-f1c5137b5436,Endy,Rodríguez,Pirates,C,L,C,0.3163265306122449,0.0,0.0,0.4,0.4591836734693877,0.0,0.0,0.4,0.3142857142857143,0.3214285714285714,90.03870967741935,0.32,0.3125,91.0
231,bfa8b398-06bc-445e-9e05-389991cb43e5,Jason,Delay,Pirates,C,R,C,0.3380281690140845,1.0,0.6666666666666666,0.4,0.4436619718309859,1.0,0.6666666666666666,0.5,0.3157894736842105,0.3829787234042553,90.76875,0.3170731707317073,0.3666666666666666,136.0
232,53a80099-966e-451c-a1e2-dccbb16f8dd8,Andrew,McCutchen,Pirates,DH,R,DH,0.3720930232558139,0.0,0.0,0.2,0.4883720930232558,0.0,0.0,0.2,0.306338028169014,0.5,90.735625,0.4110169491525424,0.3247422680412371,424.0
233,42cb5171-ffa3-4600-9c41-dbc3805206ea,Christian,Yelich,Brewers,LF,L,OF,0.3641509433962264,0.0,0.3333333333333333,0.3,0.5150943396226415,0.0,0.6666666666666666,0.5,0.3193277310924369,0.4566473988439306,89.7062176165803,0.4119601328903654,0.3013100436681222,523.0
234,483b2453-dac3-493b-8d1c-eab6dec40787,Mark,Canha,Brewers,LF,R,OF,0.3396739130434782,1.0,0.6666666666666666,0.6,0.4565217391304347,1.0,0.6666666666666666,0.7,0.2697095435684647,0.4724409448818897,89.3216,0.3283582089552239,0.3532934131736527,363.0
235,13c49639-982a-44e6-8397-57a32155be2a,Joseph,Wiemer,Brewers,CF,R,OF,0.2898172323759791,0.0,0.0,0.1,0.4360313315926893,0.0,0.0,0.1,0.2540983606557377,0.3525179856115107,88.78108108108108,0.2943925233644859,0.2840236686390532,377.0
236,aa24e775-28b9-4e84-9157-e69d8517cb6c,Salvatore,Frelick,Brewers,RF,L,OF,0.3877551020408163,1.0,0.6666666666666666,0.5,0.5204081632653061,1.0,0.6666666666666666,0.5,0.3064516129032258,0.5277777777777778,91.57894736842104,0.4428571428571428,0.25,93.0
237,58d665be-7e9e-4ff7-8882-52a770469967,Tyrone,Taylor,Brewers,RF,R,OF,0.2482269503546099,1.0,0.3333333333333333,0.7,0.3971631205673759,1.0,0.3333333333333333,1.0,0.2608695652173913,0.2244897959183673,89.35714285714286,0.313953488372093,0.1454545454545454,133.0
238,5c6fd5bc-0c4c-47fa-b4e4-ed343b04e993,Brian,Anderson,Brewers,3B,R,IF,0.3098591549295774,1.0,0.3333333333333333,0.2,0.4338028169014084,1.0,0.3333333333333333,0.2,0.2964601769911504,0.3333333333333333,88.8409090909091,0.3018867924528302,0.3216783216783216,353.0
239,93dd9c6d-6a90-470e-a99e-f8233ac60ddc,Andruw,Monasterio,Brewers,3B,R,IF,0.34,0.0,0.0,0.1,0.435,0.0,0.0,0.1,0.3013698630136986,0.4444444444444444,89.65882352941176,0.3083333333333333,0.3875,198.0
240,81af51ef-1387-495a-bef2-57f219415370,Willy,Adames,Brewers,SS,R,IF,0.294478527607362,0.0,0.3333333333333333,0.4,0.4539877300613497,0.0,1.3333333333333333,0.7,0.2818791946308724,0.3141361256544502,88.45902777777778,0.2779783393501805,0.3160377358490566,481.0
241,45d9ee07-705d-4d91-8131-264ab0cc8af4,Brice,Turang,Brewers,2B,L,IF,0.2908011869436201,1.0,0.3333333333333333,0.2,0.3857566765578635,1.0,0.3333333333333333,0.2,0.2541666666666666,0.3814432989690721,89.3704081632653,0.3015873015873015,0.277027027027027,333.0
242,3959d7a0-04fc-4772-b9d2-65f97ec4ccb6,Ryan,Tellez,Brewers,1B,L,IF,0.2852233676975945,0.0,0.6666666666666666,0.4,0.4398625429553264,0.0,0.6666666666666666,0.4,0.2486486486486486,0.3490566037735849,88.62771084337349,0.3307692307692307,0.2484472049689441,284.0
243,86167542-e9cf-4d20-8022-7ed53dc09d0a,Carlos,Santana,Brewers,1B,L,IF,0.3022774327122153,1.0,0.3333333333333333,0.3,0.4679089026915113,1.0,0.3333333333333333,0.4,0.2492401215805471,0.4155844155844156,90.03767123287672,0.2978723404255319,0.308457711442786,476.0
244,1015a557-8e55-4c12-b63c-3306e25ae6e6,William,Contreras,Brewers,C,R,C,0.3475336322869955,1.0,1.0,0.6,0.4977578475336323,1.0,1.0,0.7,0.3198653198653198,0.4026845637583892,89.22709677419356,0.3982683982683982,0.2930232558139535,440.0
245,64c76a31-1a6a-4cf3-a871-bd83c41fa6ef,Victor,Caratini,Brewers,C,L,C,0.3333333333333333,1.0,0.3333333333333333,0.2,0.4463276836158192,1.0,0.3333333333333333,0.2,0.2844827586206896,0.4262295081967213,91.19322033898304,0.352,0.2884615384615384,173.0
246,d8968ebd-8227-44b6-b442-77d088c9f98a,Ian,Happ,Cubs,LF,L,OF,0.3560606060606061,0.0,0.3333333333333333,0.2,0.4943181818181818,0.0,0.3333333333333333,0.4,0.2816901408450704,0.5086705202312138,89.16808510638297,0.3629893238434163,0.3481781376518219,526.0
247,70573042-2ab4-4d82-b86e-9325f8d7686d,Christopher,Morel,Cubs,CF,R,OF,0.3149847094801223,0.0,0.0,0.0,0.5351681957186545,0.0,0.0,0.0,0.2883720930232558,0.3660714285714285,88.59126213592232,0.3393939393939394,0.2901234567901234,323.0
248,24a794bb-adde-4f27-abb9-a762a6a4da2f,Michael,Tauchman,Cubs,CF,L,OF,0.3661971830985915,0.0,0.3333333333333333,0.3,0.4859154929577465,0.0,0.3333333333333333,0.3,0.2985074626865671,0.5301204819277109,89.33365384615385,0.3892215568862275,0.3333333333333333,277.0
249,34fcb984-f20f-4c4f-af38-61387ae2cbc9,Patrick,Wisdom,Cubs,3B,R,IF,0.2889733840304182,1.0,0.3333333333333333,0.3,0.5513307984790875,1.0,0.3333333333333333,0.6,0.2395209580838323,0.375,88.84473684210526,0.2727272727272727,0.3119266055045872,259.0
250,b834a89f-4df1-4fb9-9a8e-2e52cd60db0d,Miles,Mastrobuoni,Cubs,3B,L,IF,0.2894736842105263,1.0,0.3333333333333333,0.2,0.3421052631578947,1.0,0.3333333333333333,0.2,0.2647058823529412,0.3260869565217391,90.95454545454544,0.3164556962025316,0.2285714285714285,105.0
251,bbe79e92-c56f-4e17-b5e4-6427c9fb7dce,Cody,Bellinger,Cubs,CF,L,OF,0.365482233502538,1.0,0.3333333333333333,0.2,0.5761421319796954,2.0,0.6666666666666666,0.3,0.3284132841328413,0.4471544715447154,89.59097222222222,0.3601694915254237,0.3734177215189873,389.0
252,aa691806-f8a0-4dc7-b833-94e59dc22a34,Seiya,Suzuki,Cubs,RF,R,OF,0.3333333333333333,0.0,0.6666666666666666,0.5,0.4788732394366197,0.0,0.6666666666666666,1.1,0.2996742671009772,0.4201680672268907,88.74859154929577,0.3317757009345794,0.3349056603773584,420.0
253,e295bee0-2f17-42ec-8950-cda202aa9c72,Jeimer,Candelario,Cubs,1B,L,IF,0.3524590163934426,0.0,0.3333333333333333,0.1,0.5491803278688525,0.0,1.3333333333333333,0.4,0.3176100628930817,0.4176470588235294,89.5906976744186,0.3940520446096654,0.3013698630136986,485.0
254,04bbd2cb-cc77-41da-8550-e332c2da0cf1,Nicklaus,Madrigal,Cubs,3B,R,IF,0.3242009132420091,0.0,0.3333333333333333,0.3,0.4155251141552511,0.0,0.6666666666666666,0.8,0.2876712328767123,0.3972602739726027,89.8169014084507,0.3333333333333333,0.3125,215.0
255,5773d9a2-dfc1-458a-acac-67528d6618b3,Dansby,Swanson,Cubs,SS,R,IF,0.336116910229645,1.0,0.6666666666666666,0.4,0.5031315240083507,1.0,1.6666666666666667,0.7,0.2861538461538461,0.4415584415584415,89.82732919254659,0.3598484848484848,0.3069767441860465,473.0
256,6ea2efc3-345a-4e30-8b95-744a60a3e7a5,Nicholas,Hoerner,Cubs,2B,R,IF,0.3370786516853932,0.0,0.0,0.0,0.4438202247191011,0.0,0.0,0.0,0.3179190751445087,0.3723404255319149,89.76555555555555,0.3601398601398601,0.3104838709677419,521.0
257,d8f12737-4e3e-41ec-a306-fe49cf0a18e2,Yan,Gomes,Cubs,C,R,C,0.3094462540716612,0.0,0.0,0.4,0.4592833876221498,0.0,0.0,0.5,0.3206521739130434,0.2926829268292683,89.47684210526315,0.2634730538922156,0.3642857142857142,300.0
258,b8dbec1d-4f7b-46d0-942a-61df9d8341d0,Miguel,Amaya,Cubs,C,R,C,0.3636363636363636,0.0,0.3333333333333333,0.3,0.4958677685950413,0.0,1.3333333333333333,0.6,0.3188405797101449,0.4230769230769231,90.27045454545454,0.3611111111111111,0.3673469387755102,118.0
259,75ba17fd-160d-4695-86af-7c614cb8f264,Jurickson,Profar,Rockies,LF,L,OF,0.3161290322580645,1.0,0.3333333333333333,0.2,0.4301075268817204,1.0,0.3333333333333333,0.3,0.2735562310030395,0.4191176470588235,89.81564625850339,0.3235294117647059,0.3056994818652849,459.0
260,c2bd8ccd-0f7d-48c4-920f-3612b83ffdcf,Nolan,Jones,Rockies,RF,L,OF,0.3538461538461538,0.0,0.3333333333333333,0.4,0.5538461538461539,0.0,1.0,0.6,0.3121019108280254,0.4174757281553398,88.7695652173913,0.3378378378378378,0.375,256.0
261,3f856148-cde1-4a80-bfbc-0516f93ad1b8,Harold,Castro,Rockies,2B,L,IF,0.2821576763485477,1.0,0.3333333333333333,0.2,0.3443983402489626,1.0,0.3333333333333333,0.2,0.2857142857142857,0.2772277227722772,88.58235294117648,0.2868852459016393,0.2773109243697479,235.0
262,28594769-7a22-449b-a543-ea0776b01eba,Brenton,Doyle,Rockies,CF,R,OF,0.247557003257329,0.0,0.3333333333333333,0.2,0.3615635179153094,0.0,0.3333333333333333,0.2,0.2385786802030456,0.2636363636363636,88.71052631578948,0.2204301075268817,0.2892561983471074,304.0
263,4347e8b8-971e-4ea4-8339-62507df77ca5,Michael,Toglia,Rockies,1B,L,IF,0.2424242424242424,0.0,0.3333333333333333,0.4,0.3409090909090909,0.0,1.3333333333333333,0.7,0.2093023255813953,0.3043478260869565,92.93125,0.3086419753086419,0.1372549019607843,128.0
264,021a4720-4f82-4446-9635-f8503c72d1fc,Ryan,McMahon,Rockies,3B,L,IF,0.3333333333333333,1.0,0.3333333333333333,0.2,0.5209580838323353,1.0,0.3333333333333333,0.2,0.3132530120481928,0.3727810650887574,88.87125748502994,0.349673202614379,0.3076923076923077,497.0
265,9f9b67ad-6d80-408a-bf23-4ff1dbd8e999,Ezequiel,Tovar,Rockies,SS,R,IF,0.297008547008547,0.0,0.0,0.2,0.4572649572649572,0.0,0.0,0.2,0.3049180327868852,0.2822085889570552,88.61223021582734,0.2771929824561403,0.3278688524590163,464.0
266,a6945841-2c60-4a07-82ba-8675d17ac921,Alan,Trejo,Rockies,2B,R,IF,0.2914285714285714,0.0,0.3333333333333333,0.4,0.3885714285714285,0.0,0.3333333333333333,0.7,0.2818181818181818,0.3076923076923077,87.55490196078432,0.3119266055045872,0.2575757575757575,174.0
267,52cc8d0b-6e9d-4324-a385-758ca6433e66,Brendan,Rodgers,Rockies,2B,R,IF,0.296875,1.0,0.3333333333333333,0.5,0.390625,1.0,0.3333333333333333,0.7,0.28,0.3571428571428571,89.47894736842105,0.3023255813953488,0.2857142857142857,59.0
268,2e195870-15e8-41d9-9aaf-c7695fae8b87,Elehuris,Montero,Rockies,1B,R,IF,0.2445652173913043,0.0,0.3333333333333333,0.5,0.3967391304347826,0.0,0.3333333333333333,0.9,0.303030303030303,0.1764705882352941,90.23111111111112,0.3265306122448979,0.1511627906976744,179.0
269,564e9e9d-945e-41a3-812b-e0ed5bd76725,Elias,Díaz,Rockies,C,R,C,0.3174224343675417,1.0,0.3333333333333333,0.3,0.4606205250596659,1.0,0.3333333333333333,0.3,0.3296703296703296,0.2945205479452055,88.88646616541354,0.3571428571428571,0.2717948717948718,414.0
270,bc753dad-b698-4cfc-8b3b-5aaa551fd931,Robert,Wynns,Rockies,C,R,C,0.2577319587628865,0.0,0.3333333333333333,0.3,0.3402061855670103,0.0,0.3333333333333333,0.5,0.180327868852459,0.3888888888888889,89.492,0.3114754098360656,0.1666666666666666,94.0
271,6d5ea773-5f3d-470e-b572-b59fc278f892,Charles,Blackmon,Rockies,DH,L,DH,0.3653136531365313,0.0,0.3333333333333333,0.6,0.5276752767527675,0.0,0.3333333333333333,1.5,0.3224043715846995,0.4545454545454545,89.71212121212122,0.3952095808383233,0.3173076923076923,262.0
272,2aadd7c6-eaea-4975-934e-e504fe9903a2,Juan,Soto,Padres,LF,L,OF,0.3909090909090909,0.0,0.0,0.2,0.5727272727272728,0.0,0.0,0.2,0.2864864864864865,0.6055555555555555,89.4260465116279,0.3942307692307692,0.3865546218487395,545.0
273,a3152805-3787-44a0-a8a9-b3ef604ac40d,Jacob,Cronenworth,Padres,1B,L,IF,0.30859375,0.0,0.6666666666666666,0.4,0.44140625,0.0,0.6666666666666666,0.4,0.2740112994350282,0.3860759493670886,89.84050632911392,0.3125,0.3028846153846153,502.0
274,f2a035af-20c4-4bb0-8a6f-7086ed2531a8,Benjamin,Gamel,Padres,LF,L,OF,0.2727272727272727,0.0,0.6666666666666666,0.3,0.3636363636363636,0.0,0.6666666666666666,0.4,0.3,0.0,88.26666666666667,0.1428571428571428,0.5,8.0
275,314288f6-29ce-438c-a7a1-5f86402cc406,Trenton,Grisham,Padres,CF,L,OF,0.3142857142857143,0.0,0.3333333333333333,0.4,0.4549450549450549,0.0,0.3333333333333333,0.4,0.2427184466019417,0.4657534246575342,90.38671328671327,0.3,0.3333333333333333,445.0
276,bd22364f-1ff4-4ddc-8315-0a4c95cff960,Fernando,Tatis Jr.,Padres,RF,R,OF,0.3229813664596273,0.0,0.3333333333333333,0.2,0.5072463768115942,0.0,0.3333333333333333,0.2,0.3152866242038216,0.3372781065088757,88.91217948717949,0.3293650793650793,0.316017316017316,474.0
277,25a9b399-77d4-49a2-bd94-85821abdaefd,José,Azocar,Padres,RF,R,OF,0.2372881355932203,0.0,0.0,0.2,0.288135593220339,0.0,0.0,0.2,0.2571428571428571,0.2083333333333333,84.71428571428571,0.1666666666666666,0.3478260869565217,54.0
278,3bb4a60b-953e-4bef-8b25-c6f07d54eddf,Manuel,Machado,Padres,3B,R,IF,0.3158995815899582,0.0,0.0,0.2,0.50418410041841,0.0,0.0,0.5,0.2826086956521739,0.3846153846153846,89.73708609271523,0.3309859154929577,0.2938144329896907,471.0
279,d5c9ae13-0a9e-42cd-8d74-6b7797cef34c,Ha-Seong,Kim,Padres,2B,R,IF,0.365702479338843,1.0,0.3333333333333333,0.4,0.5103305785123967,1.0,0.3333333333333333,0.8,0.2865853658536585,0.532051282051282,89.25141242937853,0.3620689655172414,0.3711340206185567,475.0
280,272abdba-ae99-4137-a6dd-5615f234adfc,Xander,Bogaerts,Padres,SS,R,IF,0.3359223300970874,0.0,0.0,0.2,0.4504854368932038,0.0,0.0,0.5,0.3153153153153153,0.3736263736263736,89.26127167630058,0.3424657534246575,0.3273542600896861,512.0
281,3517d944-edaf-44e0-bfac-34f4ef766aff,Garrett,Cooper,Padres,1B,R,IF,0.3008356545961003,0.0,0.0,0.4,0.4651810584958217,0.0,0.0,0.4,0.2912621359223301,0.3137254901960784,90.29907407407408,0.2763157894736842,0.3435114503816794,351.0
282,a8cd51db-4a15-454a-836d-79fe158f7b71,Matthew,Carpenter,Padres,DH,L,DH,0.3,1.0,0.3333333333333333,0.2,0.4095238095238095,1.0,0.3333333333333333,0.2,0.2222222222222222,0.44,90.38730158730158,0.3140495867768595,0.2808988764044944,204.0
283,11df9b71-0e8a-4531-b8ef-12cfcfb9d8ff,Luis,Campusano,Padres,C,R,C,0.3263157894736842,0.0,0.0,0.3,0.4947368421052631,0.0,0.0,0.4,0.3333333333333333,0.3125,89.06451612903226,0.34,0.3111111111111111,91.0
284,b9ee6cb0-733c-4f27-88bf-847c42a6236d,Gary,Sánchez,Padres,C,R,C,0.2869565217391304,0.0,0.0,0.2,0.5130434782608696,0.0,0.0,0.2,0.2371794871794871,0.3918918918918919,90.36666666666666,0.2826086956521739,0.2934782608695652,226.0
285,11d8880d-4581-4531-b6f9-1170eaaff32d,Senger,Peralta,Dodgers,LF,L,OF,0.3006134969325153,0.0,0.0,0.1,0.4202453987730061,0.0,0.0,0.1,0.3224489795918367,0.2345679012345679,89.16122448979591,0.2891566265060241,0.3125,319.0
286,a6d72a5b-db58-48c4-9bda-7b8eb22ab5d0,Christopher,Taylor,Dodgers,SS,R,IF,0.2964285714285714,0.0,0.0,0.3,0.4785714285714286,0.0,0.0,0.7,0.2590673575129533,0.3793103448275862,90.94337349397593,0.2873563218390804,0.3113207547169811,271.0
287,8e42fd09-b9d0-4566-b960-e107f580de46,Jason,Heyward,Dodgers,RF,L,OF,0.3308823529411764,0.0,0.3333333333333333,0.4,0.5110294117647058,0.0,0.3333333333333333,0.5,0.2670454545454545,0.4479166666666667,89.77666666666666,0.3529411764705882,0.3025210084033613,268.0
288,2206f900-521e-426b-b092-0f22d6c32a4c,James,Outman,Dodgers,CF,L,OF,0.3522458628841607,0.0,0.0,0.2,0.5059101654846335,0.0,0.0,0.2,0.3082437275985663,0.4375,88.19328859060403,0.3448275862068966,0.3612565445026178,419.0
289,084d2514-9ffb-414e-ae16-3bc690aaad51,Markus,Betts,Dodgers,RF,R,OF,0.3940520446096654,1.0,1.0,0.6,0.6486988847583643,2.0,1.3333333333333333,1.3,0.3376623376623376,0.5359477124183006,90.2622641509434,0.3817034700315457,0.4117647058823529,528.0
290,d692c6b5-5895-4b72-8a46-d9b9594defb6,Maxwell,Muncy,Dodgers,3B,L,IF,0.3215130023640662,0.0,0.0,0.2,0.5484633569739953,0.0,0.0,0.5,0.2528735632183908,0.4320987654320987,89.65441176470588,0.3377777777777778,0.303030303030303,417.0
291,9819d25c-beaf-48f5-909d-94bbbb6de37f,Michael,Busch,Dodgers,3B,L,IF,0.2777777777777778,0.0,0.0,0.2,0.3333333333333333,0.0,0.0,0.3,0.2571428571428571,0.3157894736842105,88.22666666666667,0.217391304347826,0.3225806451612903,49.0
292,e19efe62-ace7-4202-97bf-d457a71c50d5,German,Rosario,Dodgers,SS,R,IF,0.298728813559322,0.0,0.3333333333333333,0.1,0.4110169491525424,0.0,0.6666666666666666,0.2,0.3186440677966101,0.2655367231638418,88.41489361702128,0.2783882783882784,0.3266331658291457,467.0
293,9fcd5310-c80e-428e-bd9f-048ba1043b4e,Miguel,Rojas,Dodgers,SS,R,IF,0.2701863354037267,0.0,0.0,0.2,0.3385093167701863,0.0,0.0,0.2,0.2293577981651376,0.3557692307692308,87.97931034482758,0.2989690721649484,0.2265625,313.0
294,1dd03898-1e07-459f-98d4-99209a91a546,Miguel,Vargas,Dodgers,2B,R,IF,0.3013245033112582,1.0,0.6666666666666666,0.4,0.4470198675496689,1.0,0.6666666666666666,0.5,0.2233009708737864,0.46875,89.30329670329671,0.3006134969325153,0.302158273381295,297.0
295,ea1a2111-44cc-4996-babb-9439465e6760,Frederick,Freeman,Dodgers,1B,L,IF,0.4007220216606498,0.0,0.3333333333333333,0.3,0.6083032490974729,0.0,0.3333333333333333,0.4,0.3770491803278688,0.4468085106382978,89.3018018018018,0.3925233644859813,0.4120171673819742,549.0
296,317b24ac-6a9b-4735-a4c5-64d879cd6bf7,William,Smith,Dodgers,C,R,C,0.3708920187793427,0.0,0.3333333333333333,0.2,0.5305164319248826,0.0,1.3333333333333333,0.5,0.282051282051282,0.5294117647058824,89.04050632911392,0.3632478632478632,0.3802083333333333,424.0
297,253f7c54-5990-4955-9825-df5bb368ca97,Austin,Barnes,Dodgers,C,R,C,0.2183098591549295,0.0,0.3333333333333333,0.3,0.2535211267605634,0.0,0.3333333333333333,0.6,0.1509433962264151,0.4166666666666667,90.08064516129032,0.2261904761904762,0.2068965517241379,131.0
298,e5bdeb0e-38fc-4d30-8127-43d0d5b2864d,Michael,Conforto,Giants,RF,L,OF,0.3349282296650718,0.0,0.0,0.4,0.4712918660287081,0.0,0.0,0.4,0.2666666666666666,0.4594594594594595,88.975,0.3360655737704918,0.3333333333333333,414.0
299,43a9d631-5673-4059-9b25-d59290bc32c3,Joc,Pederson,Giants,LF,L,OF,0.3481012658227848,0.0,0.6666666666666666,0.7,0.5063291139240507,0.0,0.6666666666666666,1.0,0.2626262626262626,0.4915254237288136,89.79363636363635,0.3582887700534759,0.3333333333333333,308.0
300,a94f3112-28dc-4fb4-a6d1-a73b5c738621,Austin,Slater,Giants,LF,R,OF,0.3108108108108108,0.0,0.0,0.0,0.4324324324324324,0.0,0.0,0.0,0.2735849056603773,0.4047619047619047,87.27826086956522,0.2631578947368421,0.3611111111111111,146.0
301,66613693-6adb-4f6d-87fc-c839f7e41ba0,Blake,Sabol,Giants,C,L,C,0.3027210884353741,1.0,0.6666666666666666,0.4,0.4421768707482993,1.0,0.6666666666666666,0.4,0.2830188679245283,0.3536585365853658,90.5191011235955,0.3148148148148148,0.2878787878787879,289.0
302,2df4c1ae-3eb7-4009-a7ef-00335aa82893,Thairo,Estrada,Giants,2B,R,IF,0.3271767810026385,0.0,0.6666666666666666,0.6,0.4722955145118733,0.0,1.0,0.8,0.3495575221238938,0.2941176470588235,89.4,0.3297872340425531,0.3246073298429319,368.0
303,e18804ae-c939-46e9-aa75-c5ac4f68bc77,Wade,Meckler,Giants,CF,L,OF,0.2222222222222222,0.0,0.3333333333333333,0.2,0.2222222222222222,0.0,0.3333333333333333,0.2,0.1666666666666666,0.3333333333333333,91.7,0.2857142857142857,0.1538461538461538,22.0
304,d79a318a-166e-4ec4-9f4c-abf9de62da45,Luis,Matos,Giants,CF,R,OF,0.3131868131868132,1.0,0.3333333333333333,0.5,0.4010989010989011,1.0,0.3333333333333333,0.8,0.2834645669291338,0.3818181818181818,88.93684210526315,0.3,0.3292682926829268,179.0
305,9560fe4d-d13b-45a0-ae45-e1304bf19256,Jonathan,Davis,Giants,3B,R,IF,0.3235955056179775,1.0,0.3333333333333333,0.3,0.4651685393258427,1.0,0.3333333333333333,0.3,0.2996742671009772,0.3768115942028985,89.19861111111112,0.3498098859315589,0.2857142857142857,439.0
306,a85c4a88-fc5b-43f0-9c94-5e5204cd92ae,Casey,Schmitt,Giants,3B,R,IF,0.2466960352422907,1.0,0.3333333333333333,0.1,0.3215859030837004,1.0,0.3333333333333333,0.1,0.2142857142857142,0.2988505747126437,88.12678571428572,0.2368421052631578,0.2566371681415929,223.0
307,45bca5ce-4514-4a91-9410-e201c7b0052d,Wilmer,Flores,Giants,1B,R,IF,0.3595166163141994,1.0,0.6666666666666666,0.5,0.5709969788519638,1.0,0.6666666666666666,0.5,0.3288888888888889,0.4245283018867924,90.00588235294119,0.3316062176165803,0.3985507246376811,327.0
308,cf302aef-cb3a-4626-ba44-a9bc7bbb3f5b,Paul,DeJong,Giants,SS,R,IF,0.2685714285714285,0.0,0.0,0.1,0.4114285714285714,0.0,0.0,0.1,0.2556053811659193,0.2913385826771653,89.07340425531915,0.2966507177033493,0.226950354609929,344.0
309,041632a9-afb2-4ec3-b1de-9b0bbe33ab64,LaMonte,Wade Jr.,Giants,1B,L,IF,0.375,0.0,0.0,0.2,0.5072115384615384,0.0,0.0,0.5,0.3099630996309963,0.496551724137931,89.84615384615384,0.4194915254237288,0.3166666666666666,404.0
310,4e42c38f-7d21-4220-95a0-f39309e72605,Patrick,Bailey,Giants,C,R,C,0.3082706766917293,0.0,0.0,0.2,0.4398496240601504,0.0,0.0,0.2,0.3052631578947368,0.3157894736842105,89.14878048780487,0.2945205479452055,0.325,252.0
311,a8ff76c9-1554-421c-baed-2a22fb00ad71,Thomas,Pham,Diamondbacks,LF,R,OF,0.3353293413173652,1.0,0.3333333333333333,0.3,0.5239520958083832,1.0,0.3333333333333333,0.5,0.3008474576271186,0.4183673469387755,88.94464285714285,0.3312883435582822,0.3391812865497076,328.0
312,86b68e79-a041-4fe2-95ea-1e8e0c30e382,Corbin,Carroll,Diamondbacks,LF,L,OF,0.3486973947895792,1.0,0.6666666666666666,0.7,0.5470941883767535,1.0,0.6666666666666666,0.7,0.3190184049079754,0.4046242774566474,89.55747126436782,0.3678571428571429,0.3242009132420091,494.0
313,20e7bd6e-fb56-4e86-ad2d-b50bc5477371,Lourdes,Gurriel Jr.,Diamondbacks,LF,R,OF,0.3063457330415755,0.0,0.3333333333333333,0.2,0.4967177242888402,0.0,0.3333333333333333,0.2,0.287037037037037,0.3533834586466165,89.41642857142857,0.2975206611570248,0.3162790697674418,452.0
314,00b00827-de2d-4ae4-a3ce-9571abfa84be,Alek,Thomas,Diamondbacks,CF,L,OF,0.2882562277580071,0.0,0.3333333333333333,0.6,0.4448398576512455,0.0,0.3333333333333333,0.7,0.2903225806451613,0.2842105263157894,89.70370370370371,0.3472222222222222,0.2262773722627737,269.0
315,8d6f801e-7f89-4a81-81ec-072f72604c8e,Evan,Longoria,Diamondbacks,3B,R,IF,0.3055555555555556,0.0,0.3333333333333333,0.2,0.5388888888888889,0.0,0.3333333333333333,0.3,0.2710280373831775,0.3561643835616438,90.52,0.3298969072164948,0.2771084337349397,171.0
316,e43136cd-762f-4b3f-8595-4f07e83be3b2,Jace,Peterson,Diamondbacks,3B,L,IF,0.3047091412742382,0.0,0.0,0.2,0.3850415512465374,0.0,0.0,0.2,0.2323651452282157,0.45,90.88636363636364,0.3412322274881517,0.2533333333333333,356.0
317,ad64c80d-35f2-4d73-a027-d10362eef962,Geraldo,Perdomo,Diamondbacks,SS,R,IF,0.3573264781491002,1.0,1.0,0.4,0.467866323907455,1.0,1.3333333333333333,0.5,0.2747252747252747,0.5517241379310345,90.13597122302158,0.3836206896551724,0.3184713375796178,382.0
318,821fb078-34e9-41ba-83d9-626d99dab2f4,Clifton,Kennedy,Diamondbacks,2B,R,IF,0.3333333333333333,0.0,0.0,0.2,0.3333333333333333,0.0,0.0,0.2,0.1333333333333333,0.8333333333333334,87.34285714285714,0.2222222222222222,0.4166666666666667,14.0
319,43944ff4-dec0-4f37-8c8c-fe71123d5cd7,Nicholas,Ahmed,Diamondbacks,SS,R,IF,0.2580645161290322,0.0,0.0,0.3,0.3548387096774194,0.0,0.0,0.4,0.265625,0.2413793103448276,88.92916666666667,0.2,0.3333333333333333,181.0
320,04b68b54-6217-4436-b3e8-bed6d3bd4942,Ketel,Marte,Diamondbacks,2B,R,IF,0.3500967117988394,1.0,0.3333333333333333,0.3,0.5299806576402321,1.0,0.3333333333333333,0.6,0.3024523160762943,0.4666666666666667,89.57734806629834,0.3546325878594249,0.3431372549019608,513.0
321,9a87c7e5-41f7-4658-833a-d81920b79390,Christian,Walker,Diamondbacks,1B,R,IF,0.3416988416988417,0.0,0.3333333333333333,0.4,0.5637065637065637,0.0,0.3333333333333333,0.4,0.3268698060941828,0.375796178343949,90.32937853107344,0.3694029850746269,0.312,512.0
322,47bbd747-6edc-4d0e-a976-5228f5003fbd,Gabriel,Moreno,Diamondbacks,C,R,C,0.315018315018315,1.0,0.6666666666666666,0.4,0.4175824175824176,2.0,1.0,0.8,0.3181818181818182,0.3092783505154639,88.85348837209303,0.3617021276595745,0.2651515151515151,268.0
323,c5b9d056-d030-4640-9e4a-a83599984388,Jose,Herrera,Diamondbacks,C,L,C,0.3009708737864077,0.0,0.0,0.4,0.3398058252427184,0.0,0.0,0.4,0.2368421052631578,0.4814814814814814,90.11935483870968,0.3103448275862069,0.2888888888888888,97.0
324,c3d9c2d5-8100-409b-a7ea-d5bf7931fc14,Kyle,Schwarber,Phillies,LF,L,OF,0.3261261261261261,0.0,0.6666666666666666,0.4,0.5333333333333333,0.0,1.0,0.8,0.2393939393939393,0.4533333333333333,89.28397790055249,0.3003194888178914,0.359504132231405,540.0
325,481ff280-9711-494a-9772-6a012b3899fe,Andrew,Cave,Phillies,LF,L,OF,0.2928571428571428,1.0,0.3333333333333333,0.3,0.4571428571428571,4.0,1.3333333333333333,0.9,0.3085106382978723,0.2608695652173913,89.71219512195121,0.3,0.28,136.0
326,600399c3-6c15-43ac-812a-358f37d92258,Johan,Rojas,Phillies,CF,R,OF,0.3260869565217391,0.0,0.6666666666666666,0.4,0.4347826086956521,0.0,1.3333333333333333,0.6,0.2941176470588235,0.3658536585365853,86.56,0.2857142857142857,0.3888888888888889,88.0
327,cbc7880d-aacf-494d-83b9-5441533451a2,Brandon,Marsh,Phillies,CF,L,OF,0.3626373626373626,1.0,0.6666666666666666,0.5,0.5164835164835165,1.0,0.6666666666666666,0.5,0.3304347826086956,0.417910447761194,89.29772727272727,0.3823529411764705,0.3375,357.0
328,169ed0b1-e34b-4f4b-925b-f3288f24a5e7,Nicholas,Castellanos,Phillies,RF,R,OF,0.3113207547169811,0.0,0.0,0.2,0.490566037735849,0.0,0.0,0.3,0.3343023255813953,0.2688172043010752,89.3660606060606,0.3735849056603773,0.2490566037735849,526.0
329,93102f45-b65e-4512-bb76-c6ca023dc7db,Alec,Bohm,Phillies,3B,R,IF,0.334763948497854,0.0,0.0,0.4,0.4656652360515021,0.0,0.0,0.8,0.33125,0.3424657534246575,89.79358974358973,0.3244274809160305,0.3480392156862745,459.0
330,2c3dd982-03d9-42ed-9f7f-a40775a0ced8,Edmundo,Sosa,Phillies,3B,R,IF,0.293103448275862,1.0,0.6666666666666666,0.7,0.4568965517241379,1.0,0.6666666666666666,1.2,0.2945205479452055,0.2906976744186046,88.80441176470588,0.3082191780821918,0.2674418604651162,228.0
331,67dc86a1-cc03-41ae-ba7d-e5b8434c83e8,Trea,Turner,Phillies,SS,R,IF,0.29981718464351,0.0,0.0,0.2,0.4405850091407678,0.0,0.0,0.2,0.2994350282485876,0.3005181347150259,88.90914634146341,0.3033333333333333,0.2955465587044534,534.0
332,f6e1f0f3-5afb-4944-9a46-be422f49e234,Rodolfo,Castro,Phillies,SS,B,IF,0.301255230125523,1.0,0.3333333333333333,0.2,0.405857740585774,1.0,0.3333333333333333,0.2,0.2592592592592592,0.3896103896103896,89.8375,0.2926829268292683,0.3103448275862069,235.0
333,b563181c-665a-42d7-b628-596bae2fe192,Bryson,Stott,Phillies,2B,L,IF,0.3426294820717131,0.0,0.6666666666666666,0.5,0.4760956175298805,0.0,1.0,0.7,0.311178247734139,0.4035087719298245,90.38197674418603,0.3691756272401433,0.3094170403587444,497.0
334,f3caeac6-343a-4a01-b5a3-85c5485c57cb,Bryce,Harper,Phillies,1B,L,IF,0.3838383838383838,0.0,0.6666666666666666,0.4,0.5252525252525253,0.0,1.6666666666666667,1.0,0.3577981651376147,0.4157303370786517,87.75526315789473,0.3645320197044335,0.4041450777202072,392.0
335,f2a70df3-0bff-48e3-92ae-970c2a103fcf,Jacob,Realmuto,Phillies,C,R,C,0.3066037735849056,1.0,0.3333333333333333,0.4,0.4952830188679245,1.0,0.3333333333333333,0.4,0.302491103202847,0.3146853146853147,89.23384615384614,0.2949308755760368,0.3188405797101449,420.0
336,1d2e81a6-7b33-468a-8eb0-0428e31aa95e,Garrett,Stubbs,Phillies,C,L,C,0.2857142857142857,0.0,0.0,0.1,0.3406593406593406,0.0,0.0,0.1,0.18,0.4146341463414634,91.57307692307693,0.3389830508474576,0.1875,87.0
337,21461120-9f42-47b9-b381-7dda973d823b,Rafael,Ortega,Mets,CF,L,OF,0.3150684931506849,0.0,0.3333333333333333,0.3,0.3835616438356164,0.0,0.3333333333333333,0.6,0.2790697674418604,0.3666666666666666,87.22608695652174,0.3488372093023256,0.2666666666666666,66.0
338,a98f850b-0148-47c8-857b-b53e715ebbbf,Timothy,Locastro,Mets,LF,R,OF,0.375,1.0,1.0,0.6,0.5,1.0,1.0,0.9,0.2727272727272727,0.4615384615384615,88.11111111111111,0.1428571428571428,0.7,20.0
339,c31c5931-b7db-447d-9207-5d6f58ec0f4f,Jeff,McNeil,Mets,2B,L,IF,0.3346153846153846,0.0,0.3333333333333333,0.5,0.4134615384615384,0.0,0.3333333333333333,0.5,0.2747875354107649,0.4610778443113772,89.51896551724137,0.3034482758620689,0.3739130434782609,515.0
340,bba23f9e-8aac-454a-b8ca-9373b5d1e5b8,Brandon,Nimmo,Mets,CF,L,OF,0.3636363636363636,0.0,0.0,0.4,0.5157699443413729,0.0,0.0,0.4,0.3167539267015706,0.4777070063694267,89.29591836734694,0.3709677419354839,0.3537117903930131,528.0
341,bcd5f53b-5dca-4e94-81dc-ac99d1c2cd59,Abraham,Almonte,Mets,LF,R,OF,0.1428571428571428,0.0,0.0,0.2,0.2142857142857142,0.0,0.0,0.3,0.1666666666666666,0.125,87.65,0.2,0.1111111111111111,9.0
342,96600e21-d075-440d-8762-5d48a466b053,Demetrius,Stewart,Mets,RF,L,OF,0.3246753246753247,0.0,0.0,0.2,0.5844155844155844,0.0,0.0,0.5,0.3035714285714285,0.3809523809523809,85.48,0.3061224489795918,0.3571428571428571,75.0
343,6d6d07a8-b47f-4c57-8229-68483c459ea7,Daniel,Mendick,Mets,2B,R,IF,0.2181818181818181,0.0,0.3333333333333333,0.2,0.3090909090909091,0.0,0.3333333333333333,0.2,0.2045454545454545,0.2727272727272727,85.85000000000001,0.2916666666666667,0.1612903225806451,47.0
344,98d3d7c1-16bb-490c-8e03-73567efdbabf,Francisco,Lindor,Mets,SS,R,IF,0.3358208955223881,1.0,0.3333333333333333,0.4,0.5261194029850746,2.0,0.6666666666666666,0.8,0.291907514450867,0.4157894736842105,88.91277777777778,0.332258064516129,0.3407079646017699,531.0
345,5fe17998-9821-41ca-af92-2f78ab89ac61,Jonathan,Araúz,Mets,2B,L,IF,0.1923076923076923,0.0,0.0,0.2,0.3076923076923077,0.0,0.0,0.2,0.1714285714285714,0.2352941176470588,88.84,0.1785714285714285,0.2083333333333333,50.0
346,e91e752d-6a11-4f69-8244-77cf03a233d2,Peter,Alonso,Mets,1B,R,IF,0.3214285714285714,0.0,0.3333333333333333,0.3,0.5873015873015873,0.0,0.3333333333333333,0.3,0.2801302931596091,0.3857868020304568,89.7,0.3271375464684015,0.3148936170212766,500.0
347,4be92fc3-e09a-4140-b2bf-907b227b100e,Francisco,Alvarez,Mets,C,R,C,0.2886904761904761,0.0,0.0,0.1,0.5,0.0,0.0,0.1,0.2557077625570776,0.3504273504273504,88.0,0.33125,0.25,335.0
348,36b546a8-a5d9-4469-921f-fe1e4de62608,Omar,Narváez,Mets,C,L,C,0.2857142857142857,0.0,0.0,0.2,0.3516483516483517,0.0,0.0,0.2,0.2063492063492063,0.4642857142857143,90.67307692307692,0.3050847457627119,0.25,87.0
349,fa76cc26-d558-4651-8d23-5652519a7dc0,Daniel,Vogelbach,Mets,DH,L,DH,0.3333333333333333,1.0,0.6666666666666666,0.4,0.4782608695652174,4.0,1.6666666666666667,0.7,0.25,0.48,89.15869565217392,0.3289473684210526,0.3387096774193548,274.0
350,4be357dd-add5-4613-937d-6b9a0831d9ee,Eddie,Rosario,Braves,LF,L,OF,0.3065326633165829,1.0,0.6666666666666666,0.7,0.5175879396984925,1.0,1.6666666666666667,1.3,0.3581395348837209,0.2459016393442623,89.40081967213115,0.3217821782178218,0.2908163265306122,394.0
351,7335e54f-cc2f-422c-808e-c19a267827a5,Kevin,Pillar,Braves,LF,R,OF,0.2585034013605442,0.0,0.0,0.3,0.4353741496598639,0.0,0.0,0.3,0.2626262626262626,0.25,87.20263157894736,0.2716049382716049,0.2424242424242424,144.0
352,57f0a40f-e0f5-4e76-bd59-b8c4de7a680c,Marcell,Ozuna,Braves,DH,R,DH,0.3302752293577982,1.0,1.0,0.5,0.555045871559633,4.0,2.333333333333333,1.5,0.3102189781021898,0.3641975308641975,89.46180555555556,0.3179916317991632,0.3451776649746192,431.0
353,94b20984-18d1-49bf-aed9-eac78c0d1416,Michael,Harris II,Braves,CF,L,OF,0.3255813953488372,0.0,0.0,0.1,0.4780361757105943,0.0,0.0,0.2,0.3155737704918033,0.3426573426573426,88.96507936507936,0.3636363636363636,0.2857142857142857,381.0
354,860100f5-6b7a-40da-ace9-fc6805ed8744,Ronald,Acuña Jr.,Braves,RF,R,OF,0.4128919860627177,0.0,0.3333333333333333,0.5,0.6167247386759582,0.0,0.3333333333333333,0.5,0.3622828784119106,0.5321637426900585,89.78776371308017,0.4083044982698962,0.4175438596491228,558.0
355,4ee9e14f-2436-4ca4-a9c2-6557d8d86769,Michael Austin,Riley,Braves,3B,R,IF,0.3296903460837887,0.0,0.0,0.0,0.5355191256830601,0.0,0.0,0.0,0.3305084745762712,0.3282051282051282,89.51712707182321,0.2947019867549669,0.3724696356275304,546.0
356,21b52f39-3075-4a5f-a933-7652b02e3897,Nicholas,Lopez,Braves,2B,L,IF,0.3333333333333333,0.0,0.6666666666666666,0.6,0.4018264840182648,0.0,0.6666666666666666,0.6,0.2483221476510067,0.5142857142857142,88.99452054794521,0.3709677419354839,0.2842105263157894,218.0
357,0e0faed9-3d08-418c-b4dc-f2e993483a36,Orlando,Arcia,Braves,SS,R,IF,0.3324937027707808,1.0,0.3333333333333333,0.5,0.4811083123425693,1.0,0.3333333333333333,0.8,0.3236363636363636,0.3524590163934426,89.51742424242424,0.3217391304347826,0.3473053892215569,393.0
358,e4bae090-1bac-4271-99d3-4fe2a249a379,Lucas,Williams,Braves,SS,R,IF,0.0909090909090909,0.0,0.0,0.1,0.0909090909090909,0.0,0.0,0.1,0.1111111111111111,0.0,93.8,0.125,0.0,5.0
359,c096bb04-1a2a-4c31-8613-94abc3f32011,Vaughn,Grissom,Braves,SS,R,IF,0.32,0.0,0.3333333333333333,0.3,0.36,0.0,0.3333333333333333,0.4,0.3035714285714285,0.3684210526315789,89.30416666666667,0.3095238095238095,0.3333333333333333,66.0
360,82a3e6b8-71a8-40c7-b08c-caed8357bbd8,Matthew,Olson,Braves,1B,L,IF,0.3692870201096892,0.0,0.0,0.2,0.6508226691042047,0.0,0.0,0.2,0.3146417445482866,0.4469026548672566,89.65792079207921,0.3918495297805642,0.337719298245614,543.0
361,312edbf0-0528-4e69-a3cb-1b0c26275965,Sean,Murphy,Braves,C,R,C,0.3777777777777777,0.0,0.0,0.2,0.5861111111111111,0.0,0.0,0.2,0.3189655172413793,0.484375,90.6654411764706,0.3959390862944162,0.3558282208588957,353.0
362,6cc35dbd-458e-48a5-a187-99abccbc1abf,Travis,d'Arnaud,Braves,C,R,C,0.3066037735849056,0.0,0.0,0.1,0.4858490566037736,0.0,0.0,0.2,0.2875816993464052,0.3559322033898305,90.33692307692309,0.2982456140350877,0.3163265306122449,206.0
363,95b3265a-7a8e-4684-a123-adf023be6cee,Blake,Rutherford,Nationals,LF,L,OF,0.2,0.0,0.3333333333333333,0.4,0.2,0.0,0.3333333333333333,0.4,0.2105263157894736,0.1818181818181818,93.75,0.2352941176470588,0.1538461538461538,14.0
364,561952a8-bcfb-4d61-9d5b-81f971eab0fa,Stone,Garrett,Nationals,LF,R,OF,0.3408239700374532,0.0,0.0,0.1,0.5056179775280899,0.0,0.0,0.1,0.3271604938271605,0.3619047619047619,90.42857142857144,0.3381294964028777,0.34375,261.0
365,049a45ca-5327-4e58-bb85-87c707389d30,Ildemaro,Vargas,Nationals,3B,L,IF,0.2780748663101604,0.0,0.6666666666666666,0.4,0.4010695187165775,0.0,0.6666666666666666,0.4,0.2733812949640288,0.2916666666666667,90.00384615384615,0.3131313131313131,0.2386363636363636,178.0
366,182d02a7-c606-4a85-a635-89dd1afdac6f,Lane,Thomas,Nationals,RF,R,OF,0.3333333333333333,0.0,0.3333333333333333,0.4,0.5102420856610801,0.0,0.6666666666666666,0.6,0.3406593406593406,0.3179190751445087,89.80391061452514,0.3333333333333333,0.3333333333333333,528.0
367,ffa483f2-404f-4de9-80ab-89d4b1bcacf6,Alex,Call,Nationals,CF,R,OF,0.3035714285714285,0.0,0.3333333333333333,0.2,0.3852040816326531,0.0,0.3333333333333333,0.2,0.21455938697318,0.4809160305343511,90.27563025210084,0.2946428571428571,0.3154761904761904,386.0
368,7da1a5e8-d928-4723-8dc7-03af9d4d7d16,Joey,Meneses,Nationals,DH,R,DH,0.3313725490196078,0.0,0.3333333333333333,0.5,0.4568627450980392,0.0,0.3333333333333333,0.5,0.3285714285714285,0.3375,89.81952662721893,0.3212996389891697,0.3433476394849785,504.0
369,c80c0b78-69b1-4b62-bb92-7c77d3f6ea9d,Carter,Kieboom,Nationals,3B,R,IF,0.3333333333333333,0.0,0.5,0.5,1.3333333333333333,0.0,2.0,2.0,0.5,0.0,94.3,0.5,0.0,1.0
370,c12ccd4a-092b-47a4-a7f1-15378e12be8a,Jacob,Alu,Nationals,LF,L,OF,0.2615384615384615,0.0,0.0,0.2,0.3230769230769231,0.0,0.0,0.2,0.2666666666666666,0.25,89.54117647058824,0.2894736842105263,0.2222222222222222,61.0
371,0199150d-29c1-49d2-bb85-027921a33c8e,Michael,Chavis,Nationals,1B,R,IF,0.2804878048780488,0.0,0.0,0.1,0.3780487804878049,0.0,0.0,0.4,0.2807017543859649,0.28,86.80869565217391,0.2619047619047619,0.3,77.0
372,35ee7e68-0049-4c84-9691-07c49b44fbfa,Paul,Abrams,Nationals,SS,L,IF,0.3,0.0,0.0,0.1,0.45,0.0,0.0,0.1,0.2653721682847896,0.3708609271523179,88.89565217391305,0.2794117647058823,0.3297872340425531,450.0
373,0203fb2b-3d49-40bd-b685-c6a5c388cade,Dominic,Smith,Nationals,1B,L,IF,0.3361884368308351,1.0,0.6666666666666666,0.3,0.4068522483940043,1.0,0.6666666666666666,0.3,0.294314381270903,0.4107142857142857,89.15732484076433,0.3308550185873606,0.3434343434343434,463.0
374,92defc55-fd9c-4069-b0a1-8cef9326753a,Keibert,Ruiz,Nationals,C,L,C,0.3110599078341013,0.0,0.3333333333333333,0.2,0.4585253456221198,0.0,0.3333333333333333,0.3,0.2837370242214533,0.3655172413793103,89.30074074074075,0.3387755102040816,0.2751322751322751,422.0
375,3f65cd94-9f29-4dbf-b7f6-4d8aa51d05a2,Riley,Adams,Nationals,C,R,C,0.3643410852713178,0.0,0.0,0.3,0.5813953488372093,0.0,0.0,0.4,0.3764705882352941,0.3409090909090909,89.21489361702129,0.3559322033898305,0.3714285714285714,125.0
