,id,first_name,last_name,team_nickname,primary_position,pitcher_hand,pitcher_previous_stats_szn,rolling_1pitch,rolling_3pitch,rolling_10pitch,pitcher_previous_stats_szn_bases,rolling_1pitch_bases,rolling_3pitch_bases,rolling_10pitch_bases,pitcher_strikes_spread,pitcher_balls_spread,pitcher_speed,pitcher_fast_spread,pitcher_offspeed_spread,pitcher_ab_count
0,71791d18-9c59-4e2f-863d-007d3cdd7efd,Luis,Castillo,Mariners,SP,R,0.2642405063291139,1.0,0.6666666666666666,0.3,0.4287974683544304,1.0,0.6666666666666666,0.4,0.6613924050632911,0.3386075949367088,92.92805071315372,0.5822784810126582,0.4177215189873418,611.0
1,d3a08e67-05e9-4f54-b7b1-807c8e9beaf2,Logan,Gilbert,Mariners,SP,R,0.2701342281879195,0.0,0.3333333333333333,0.4,0.424496644295302,0.0,0.6666666666666666,0.6,0.6946308724832215,0.3053691275167785,90.218487394958,0.6929530201342282,0.3070469798657718,590.0
2,47a41eee-f06a-4590-af22-453fdd7bd39d,George,Kirby,Mariners,SP,R,0.2663316582914573,1.0,1.0,0.5,0.4070351758793969,2.0,1.3333333333333333,0.7,0.7219430485762144,0.2780569514237856,92.30654362416108,0.5393634840871022,0.4606365159128978,596.0
3,3e72c29b-c305-4e6b-8311-0bec2e447b72,Bryce,Miller,Mariners,SP,R,0.2615384615384615,0.0,0.0,0.2,0.4205128205128205,0.0,0.0,0.3,0.7153846153846154,0.2846153846153846,92.09717223650388,0.7974358974358975,0.2025641025641025,389.0
4,5f42fd84-97c3-4c95-bf35-ad67f4b08443,Bryan,Woo,Mariners,SP,R,0.2995951417004048,0.0,0.0,0.1,0.4534412955465587,0.0,0.0,0.1,0.7206477732793523,0.2793522267206478,93.55243902439024,0.6761133603238867,0.3238866396761133,246.0
5,60b7e25e-7765-4d8b-82a6-d33e7179dae5,Luke,Weaver,Mariners,SP,R,0.3616071428571428,0.0,0.6666666666666666,0.3,0.6049107142857143,0.0,0.6666666666666666,0.4,0.6941964285714286,0.3058035714285714,89.6937360178971,0.6383928571428571,0.3616071428571428,443.0
6,2c49a12d-9242-43e0-b6b7-d2588b46ff77,Justin,Topa,Mariners,RP,R,0.2731707317073171,0.0,0.0,0.2,0.3317073170731707,0.0,0.0,0.2,0.775609756097561,0.224390243902439,91.47745098039216,0.3951219512195122,0.6048780487804878,204.0
7,7f15e43d-14bb-4564-b7f5-24ded570ef64,Matthew,Brash,Mariners,RP,R,0.3277310924369748,0.0,0.0,0.1,0.3865546218487395,0.0,0.0,0.1,0.6092436974789915,0.3907563025210084,92.87257383966244,0.907563025210084,0.0924369747899159,233.0
8,da007384-6e98-476a-9972-a47cd0e0aae2,Gabriel,Speier,Mariners,RP,L,0.2621951219512195,1.0,0.3333333333333333,0.2,0.3658536585365853,4.0,1.3333333333333333,0.5,0.5975609756097561,0.4024390243902439,91.97116564417178,0.5,0.5,161.0
9,eb18a549-a572-4f11-8780-9d872e7da67c,Tayler,Saucedo,Mariners,RP,L,0.3333333333333333,0.0,0.6666666666666666,0.6,0.3757575757575757,0.0,1.0,0.7,0.5393939393939394,0.4606060606060606,87.94268292682926,0.2666666666666666,0.7333333333333333,164.0
10,f4cbd525-3cca-47dc-847a-5e4c68ccdada,Isaiah,Campbell,Mariners,RP,R,0.3333333333333333,1.0,0.3333333333333333,0.5,0.4545454545454545,1.0,0.3333333333333333,0.8,0.6363636363636364,0.3636363636363636,90.3353846153846,0.8333333333333334,0.1666666666666666,65.0
11,c7513e8c-c4a0-4ece-8815-cd2889c61226,Trent,Thornton,Mariners,RP,R,0.296875,1.0,0.6666666666666666,0.4,0.453125,1.0,1.0,0.6,0.71875,0.28125,88.78253968253969,0.453125,0.546875,63.0
12,2527770b-cf48-42b9-81fa-9323756fb311,Maxwell,Scherzer,Rangers,SP,R,0.2891791044776119,1.0,0.3333333333333333,0.6,0.4552238805970149,2.0,0.6666666666666666,0.7,0.6809701492537313,0.3190298507462686,87.53289719626169,0.707089552238806,0.292910447761194,511.0
13,e96d88f5-3593-48fb-b1fd-840b41c08cc5,Jordan,Montgomery,Rangers,SP,L,0.2967213114754098,0.0,0.3333333333333333,0.2,0.4360655737704918,0.0,0.3333333333333333,0.2,0.6819672131147541,0.3180327868852459,88.6512315270936,0.0934426229508196,0.9065573770491804,593.0
14,106c933c-0203-4e5a-bd06-f8bc420b9b9f,Jonathan,Gray,Rangers,SP,R,0.3128491620111732,1.0,0.6666666666666666,0.4,0.4208566108007449,1.0,0.6666666666666666,0.4,0.6256983240223464,0.3743016759776536,90.82817164179104,0.851024208566108,0.148975791433892,525.0
15,ade46bf9-fcaa-4185-8fc9-79af6d2ec81b,Andrew,Heaney,Rangers,SP,L,0.3274161735700197,0.0,0.3333333333333333,0.5,0.4950690335305719,0.0,0.3333333333333333,0.8,0.6272189349112426,0.3727810650887574,88.0401185770751,0.7692307692307693,0.2307692307692307,503.0
16,f4c93b6c-749c-409a-bcd5-58fb2ef53246,Dane,Dunning,Rangers,SP,R,0.2968460111317254,0.0,0.0,0.3,0.411873840445269,0.0,0.0,0.3,0.6660482374768089,0.3339517625231911,87.7282527881041,0.4044526901669759,0.5955473098330241,533.0
17,17a14a6a-42f8-4f2e-86f3-42051584563e,Albertin,Chapman,Rangers,RP,L,0.2617801047120419,0.0,0.0,0.2,0.3193717277486911,0.0,0.0,0.5,0.6701570680628273,0.3298429319371728,96.65894736842104,0.6178010471204188,0.3821989528795811,187.0
18,36033e23-516d-48fb-90d3-4309e329fca5,José,Leclerc,Rangers,RP,R,0.2594936708860759,0.0,0.0,0.1,0.360759493670886,0.0,0.0,0.1,0.5759493670886076,0.4240506329113924,90.08471337579616,0.8417721518987342,0.1582278481012658,156.0
19,cdd52cf2-b10d-456a-9a92-1d74e1f05bac,Christopher,Stratton,Rangers,RP,R,0.2676579925650557,0.0,0.0,0.1,0.3903345724907063,0.0,0.0,0.1,0.6802973977695167,0.3197026022304832,89.11791044776119,0.7286245353159851,0.2713754646840148,266.0
20,5cc6bf5e-80b0-42ef-8735-1f1df4af3a12,Joshua,Sborz,Rangers,RP,R,0.2622950819672131,0.0,0.6666666666666666,0.4,0.3934426229508196,0.0,1.6666666666666667,1.0,0.6065573770491803,0.3934426229508196,91.43186813186811,0.7650273224043715,0.2349726775956284,182.0
21,eb458d81-ba52-443b-8a22-e9c35d089012,Brock,Burke,Rangers,RP,L,0.2696078431372549,0.0,0.3333333333333333,0.3,0.4215686274509804,0.0,0.6666666666666666,0.5,0.7745098039215687,0.2254901960784313,92.48916256157636,0.803921568627451,0.196078431372549,195.0
22,a6651b0c-51b9-4586-a4e6-edb74b826daa,Grant,Anderson,Rangers,RP,R,0.3287671232876712,0.0,0.3333333333333333,0.4,0.4520547945205479,0.0,0.3333333333333333,0.4,0.7123287671232876,0.2876712328767123,89.79448275862069,0.678082191780822,0.3219178082191781,144.0
23,9012e198-9f53-4885-8b24-402e51524e82,Martín,Pérez,Rangers,SP,L,0.3484251968503937,1.0,1.0,0.4,0.5019685039370079,1.0,1.0,0.4,0.6594488188976378,0.3405511811023622,88.93175542406311,0.2578740157480315,0.7421259842519685,495.0
24,1a1311e0-465c-45de-9f94-78e52fc067c3,Lucas,Giolito,Angels,SP,R,0.3083067092651757,0.0,0.3333333333333333,0.4,0.5,0.0,0.3333333333333333,0.6,0.6789137380191693,0.3210862619808307,87.344,0.7284345047923323,0.2715654952076677,618.0
25,80de60c9-74e3-4a50-b128-b3dc7456a254,Shohei,Ohtani,Angels,DH,R,0.2846299810246679,0.0,0.3333333333333333,0.2,0.4155597722960152,0.0,0.3333333333333333,0.2,0.6603415559772297,0.3396584440227704,89.77509505703422,0.4914611005692599,0.50853889943074,507.0
26,a920073f-154b-4173-a8ff-aed0b2c22711,Tyler,Anderson,Angels,SP,L,0.3523622047244094,0.0,0.6666666666666666,0.5,0.5039370078740157,0.0,1.0,0.6,0.6259842519685039,0.374015748031496,85.60414201183433,0.610236220472441,0.389763779527559,498.0
27,f69252fd-0aa5-4043-9875-d0aa4915056a,Patrick,Sandoval,Angels,SP,L,0.3314065510597302,1.0,1.0,0.5,0.4277456647398844,2.0,1.3333333333333333,0.7,0.649325626204239,0.350674373795761,87.4627413127413,0.5375722543352601,0.4624277456647399,507.0
28,1cdd5198-b8c8-4c0f-8c96-b0192b00b8b2,Reid,Detmers,Angels,SP,L,0.3266129032258064,0.0,0.3333333333333333,0.2,0.4778225806451613,0.0,0.3333333333333333,0.2,0.6754032258064516,0.3245967741935484,89.14868686868687,0.8104838709677419,0.189516129032258,487.0
29,35060d8e-3e99-4c49-b5db-36896605f930,Chase,Silseth,Angels,SP,R,0.3114754098360656,1.0,0.6666666666666666,0.4,0.4863387978142076,1.0,1.6666666666666667,1.0,0.6502732240437158,0.3497267759562841,89.89285714285714,0.6338797814207651,0.366120218579235,182.0
30,470b008b-639b-4f14-975b-1eb51d918358,Griffin,Canning,Angels,SP,R,0.3041095890410959,0.0,0.0,0.3,0.4904109589041096,0.0,0.0,0.6,0.6657534246575343,0.3342465753424657,90.67335164835164,0.6301369863013698,0.3698630136986301,362.0
31,942dc231-6052-4410-9bad-e94e465bc914,Reynaldo,López,Angels,RP,R,0.3009259259259259,0.0,0.3333333333333333,0.3,0.4444444444444444,0.0,0.3333333333333333,0.3,0.6481481481481481,0.3518518518518518,94.8832558139535,0.9351851851851852,0.0648148148148148,213.0
32,a4d6c32a-74f0-45ff-a397-ca045fcaba2b,Matthew,Moore,Angels,RP,L,0.2333333333333333,1.0,0.3333333333333333,0.3,0.36,1.0,0.3333333333333333,0.3,0.66,0.34,89.37248322147651,0.4533333333333333,0.5466666666666666,147.0
33,8968ebe3-c396-47f1-b348-dc7499172867,Dominic,Leone,Angels,RP,R,0.3024691358024691,0.0,0.3333333333333333,0.3,0.4814814814814814,0.0,0.3333333333333333,0.3,0.6728395061728395,0.3271604938271605,91.9080745341615,1.0,0.0,161.0
34,454b4642-c1ad-4b8e-8728-0d8bb03051be,Aaron,Loup,Angels,RP,L,0.3563218390804598,1.0,0.3333333333333333,0.4,0.5172413793103449,1.0,0.3333333333333333,0.7,0.6724137931034483,0.3275862068965517,86.95433526011561,0.2241379310344827,0.7758620689655172,172.0
35,80ff939b-b430-4b28-b4fc-f3276b098af8,José,Soriano,Angels,RP,R,0.3688524590163934,1.0,0.3333333333333333,0.4,0.4590163934426229,1.0,0.3333333333333333,0.5,0.5245901639344263,0.4754098360655737,93.11239669421488,0.3114754098360656,0.6885245901639344,121.0
36,738eb5e8-2ab8-4428-928a-81a31b7228de,Jaime,Barría,Angels,RP,R,0.3154362416107382,0.0,0.3333333333333333,0.5,0.5,0.0,0.3333333333333333,1.1,0.6677852348993288,0.3322147651006711,88.34006734006734,0.8187919463087249,0.1812080536912751,294.0
37,320c97b3-d559-498b-9eb9-4c087c8cf9bb,Jimmy,Herget,Angels,RP,R,0.3684210526315789,1.0,0.6666666666666666,0.6,0.5921052631578947,1.0,0.6666666666666666,1.0,0.6710526315789473,0.3289473684210526,83.95333333333333,0.3289473684210526,0.6710526315789473,74.0
38,1780396a-30a4-4527-a6cc-59e74dc5c5e4,Kenneth,Rosenberg,Angels,RP,L,0.4642857142857143,1.0,0.6666666666666666,0.4,0.5357142857142857,1.0,0.6666666666666666,0.4,0.5357142857142857,0.4642857142857143,89.97037037037036,0.5714285714285714,0.4285714285714285,27.0
39,c967b600-efdf-46ae-bb37-f4940fa29b2a,Paul,Blackburn,Athletics,SP,R,0.3391304347826087,0.0,0.3333333333333333,0.2,0.472463768115942,0.0,1.3333333333333333,0.5,0.5942028985507246,0.4057971014492754,86.95668604651162,0.5768115942028985,0.4231884057971014,344.0
40,9879d57f-6e61-4d12-be21-25c2b7328947,John Patrick,Sears,Athletics,SP,L,0.3093145869947276,1.0,1.0,0.6,0.5114235500878734,3.0,2.6666666666666665,1.3,0.664323374340949,0.335676625659051,87.8205985915493,0.6151142355008787,0.3848857644991212,568.0
41,5f586661-b5eb-4830-80fe-d2e7a8d78a95,Kenneth,Waldichuk,Athletics,SP,L,0.3724279835390947,0.0,0.0,0.3,0.5576131687242798,0.0,0.0,0.9,0.6522633744855967,0.3477366255144033,88.60618556701031,0.5473251028806584,0.4526748971193415,473.0
42,a7c82f82-a77a-44af-b973-771f84226804,Kyle,Muller,Athletics,SP,L,0.4141791044776119,1.0,0.3333333333333333,0.4,0.5895522388059702,1.0,0.3333333333333333,0.7,0.7313432835820896,0.2686567164179104,89.52322097378277,0.8395522388059702,0.1604477611940298,245.0
43,30d522ec-b5f3-4836-8f53-4b7ad9b3086a,Lucas,Erceg,Athletics,RP,R,0.4,0.0,0.3333333333333333,0.4,0.5166666666666667,0.0,0.3333333333333333,0.5,0.6388888888888888,0.3611111111111111,95.24860335195532,0.3833333333333333,0.6166666666666667,178.0
44,838754e3-6865-4e6f-b2f7-708451c78aa9,Kirby,Snead,Athletics,RP,L,0.2222222222222222,0.0,0.0,0.1,0.3333333333333333,0.0,0.0,0.1,0.6666666666666666,0.3333333333333333,88.98285714285714,0.5833333333333334,0.4166666666666667,35.0
45,ddc866dc-fc5a-4e14-aca0-72e557609c5c,Francisco,Pérez,Athletics,RP,L,0.391304347826087,0.0,0.0,0.4,0.5217391304347826,0.0,0.0,0.5,0.6521739130434783,0.3478260869565217,92.93636363636364,0.4782608695652174,0.5217391304347826,22.0
46,514a5859-7f3f-4546-8b23-7cd221066240,Adrián,Martínez,Athletics,RP,R,0.3380281690140845,1.0,0.3333333333333333,0.4,0.4788732394366197,1.0,0.3333333333333333,0.4,0.6830985915492958,0.3169014084507042,90.08085106382978,0.1197183098591549,0.8802816901408451,138.0
47,169b7765-2519-4f2f-a67f-2e010c0d361e,Zachary,Neal,Athletics,SP,R,0.396551724137931,0.0,0.6666666666666666,0.6,0.7068965517241379,0.0,1.0,1.0,0.6206896551724138,0.3793103448275862,86.32280701754385,0.3103448275862069,0.6896551724137931,57.0
48,73ee6ed9-cae7-4d55-a8f0-aa8e837312d8,Dany,Jiménez,Athletics,RP,R,0.2702702702702703,0.0,0.0,0.4,0.4324324324324324,0.0,0.0,0.4,0.7567567567567568,0.2432432432432432,87.99166666666666,1.0,0.0,35.0
49,28b6b8aa-761b-4fdf-8708-838ea470c4f5,Spencer,Patton,Athletics,RP,R,0.25,1.0,0.3333333333333333,0.2,0.5714285714285714,1.0,0.3333333333333333,0.5,0.8571428571428571,0.1428571428571428,89.96666666666667,0.9642857142857144,0.0357142857142857,27.0
51,2fe6cb9b-c41e-4ee2-9b22-f8b27bf6c5be,Justin,Verlander,Astros,SP,R,0.2892057026476578,0.0,0.6666666666666666,0.3,0.4093686354378819,0.0,1.0,0.5,0.6843177189409368,0.3156822810590631,89.43571428571428,0.7780040733197556,0.2219959266802444,489.0
52,00026bf9-dc12-4711-8443-45fbac448ea0,Framber,Valdez,Astros,SP,L,0.2882165605095541,1.0,0.6666666666666666,0.5,0.4171974522292994,1.0,1.6666666666666667,0.8,0.7054140127388535,0.2945859872611465,90.17894736842103,0.1353503184713375,0.8646496815286624,599.0
53,00a81b80-a20f-4fb7-894f-23b4d1a63941,Cristian,Javier,Astros,SP,R,0.3098330241187384,0.0,0.3333333333333333,0.4,0.4842300556586271,0.0,0.3333333333333333,0.4,0.6419294990723562,0.3580705009276438,88.34126394052045,0.9202226345083488,0.0797773654916512,529.0
54,7ba58155-1133-4f26-be65-9ce443e3fedc,Hunter,Brown,Astros,SP,R,0.329608938547486,1.0,0.6666666666666666,0.5,0.4897579143389199,1.0,1.0,1.0,0.6554934823091247,0.3445065176908752,90.67294776119402,0.6499068901303539,0.3500931098696462,530.0
55,54a4a196-9a19-4af0-954e-f8d337542ecd,José,Urquidy,Astros,SP,R,0.3313253012048193,0.0,0.3333333333333333,0.3,0.5060240963855421,0.0,0.3333333333333333,0.3,0.5903614457831325,0.4096385542168674,88.13757575757576,0.2831325301204819,0.7168674698795181,161.0
56,f03fe236-d3b8-4bfd-b08b-963fd5c4391a,Jonathan,France,Astros,SP,R,0.2982062780269058,0.0,0.3333333333333333,0.4,0.4170403587443946,0.0,1.3333333333333333,0.7,0.7152466367713004,0.2847533632286995,87.06561797752808,0.7174887892376681,0.2825112107623318,442.0
57,cc22e589-c92a-4fa1-9bfe-45684e91f837,Hector,Neris,Astros,RP,R,0.2966507177033493,0.0,0.0,0.4,0.4258373205741627,0.0,0.0,0.8,0.6076555023923444,0.3923444976076555,90.21778846153846,0.4832535885167464,0.5167464114832536,202.0
58,fd2a37d4-32ae-45e2-a0dd-d58e0d9ac869,Bryan,Abreu,Astros,RP,R,0.2838983050847458,1.0,0.3333333333333333,0.1,0.3940677966101695,1.0,0.3333333333333333,0.1,0.6016949152542372,0.3983050847457627,91.47872340425532,0.9533898305084746,0.0466101694915254,230.0
59,18be2520-ed71-4e1e-94c8-29b0590e2b5c,Kendall,Graveman,Astros,RP,R,0.3013100436681222,0.0,0.6666666666666666,0.3,0.4148471615720524,0.0,1.0,0.4,0.611353711790393,0.388646288209607,93.25219298245614,0.4672489082969432,0.5327510917030568,226.0
60,ef2a7fa6-94d5-4875-b205-c5f2bd30758a,Ryne,Stanek,Astros,RP,R,0.3064516129032258,0.0,0.3333333333333333,0.3,0.4301075268817204,0.0,1.3333333333333333,0.6,0.6612903225806451,0.3387096774193548,95.69351351351352,0.8064516129032258,0.1935483870967742,184.0
61,0be3617f-5d44-4609-967b-d16bc9681c96,Rafael,Montero,Astros,RP,R,0.3516949152542373,1.0,1.0,0.5,0.5508474576271186,1.0,1.3333333333333333,0.6,0.5805084745762712,0.4194915254237288,94.25659574468084,0.4915254237288136,0.5084745762711864,233.0
62,3a90b7a2-5d39-4165-8ef0-89a9432d517d,Seth,Martinez,Astros,RP,R,0.3617021276595745,0.0,0.3333333333333333,0.8,0.5159574468085106,0.0,0.3333333333333333,1.1,0.6382978723404256,0.3617021276595745,87.38395721925133,0.4308510638297872,0.5691489361702128,186.0
63,cef2e01f-1349-4e31-bf1e-757ae8cb6bc6,Kevin,Gausman,Blue Jays,SP,R,0.2886247877758913,1.0,0.6666666666666666,0.5,0.4244482173174873,1.0,1.0,0.7,0.6213921901528013,0.3786078098471986,90.9374149659864,0.597623089983022,0.4023769100169779,580.0
64,56da7cb9-5975-46cd-8c63-96fce1245945,José,Berríos,Blue Jays,SP,R,0.3018242122719735,1.0,0.6666666666666666,0.2,0.4328358208955223,1.0,0.6666666666666666,0.2,0.6451077943615257,0.3548922056384743,88.55083056478405,0.165837479270315,0.8341625207296849,594.0
65,90fa044f-7148-414c-af09-e0d4eb621775,Christopher,Bassitt,Blue Jays,SP,R,0.3050314465408805,1.0,0.3333333333333333,0.2,0.4638364779874214,2.0,0.6666666666666666,0.5,0.6949685534591195,0.3050314465408805,86.27338582677164,0.2720125786163522,0.7279874213836478,624.0
66,7160046b-1575-40ab-bd09-9d11bbac7957,Yusei,Kikuchi,Blue Jays,SP,L,0.302536231884058,0.0,0.3333333333333333,0.4,0.463768115942029,0.0,0.3333333333333333,0.4,0.6739130434782609,0.3260869565217391,90.5940108892922,0.730072463768116,0.269927536231884,547.0
67,01d71849-6f8e-4394-ae98-155bd61c68e8,Hyun Jin,Ryu,Blue Jays,SP,L,0.2631578947368421,0.0,0.3333333333333333,0.3,0.3552631578947368,0.0,0.3333333333333333,0.3,0.6710526315789473,0.3289473684210526,81.04266666666666,0.4078947368421052,0.5921052631578947,73.0
68,b6064f09-31ae-4d05-832c-2f4c4043c7cb,Jordan,Hicks,Blue Jays,RP,R,0.3408071748878923,0.0,0.0,0.1,0.4304932735426009,0.0,0.0,0.4,0.6053811659192825,0.3946188340807174,97.99594594594592,0.2376681614349775,0.7623318385650224,221.0
69,ffa959cf-a28b-4218-a8a7-0987232e535d,Erik,Swanson,Blue Jays,RP,R,0.2780269058295964,0.0,0.0,0.2,0.4035874439461883,0.0,0.0,0.2,0.6278026905829597,0.3721973094170404,87.9463963963964,0.3677130044843049,0.6322869955156951,222.0
70,3731cc61-f348-4155-bccc-a46a2a7edbf3,Yimi,García,Blue Jays,RP,R,0.3212669683257919,1.0,0.6666666666666666,0.4,0.4434389140271493,1.0,1.0,0.5,0.6787330316742082,0.3212669683257919,91.53227272727273,0.4343891402714932,0.5656108597285068,217.0
71,71948aff-effa-49e9-a040-396bc6b22f31,Trevor,Richards,Blue Jays,RP,R,0.2869565217391304,0.0,0.3333333333333333,0.2,0.4391304347826087,0.0,0.3333333333333333,0.2,0.5217391304347826,0.4782608695652174,87.16244541484717,0.3826086956521739,0.6173913043478261,227.0
72,3ebc6d31-8050-43d2-9f0f-b74bb1f2e018,Timothy,Mayza,Blue Jays,RP,L,0.2823529411764706,0.0,0.3333333333333333,0.4,0.3411764705882353,0.0,0.3333333333333333,0.4,0.6529411764705882,0.3470588235294117,92.37337278106509,0.2529411764705882,0.7470588235294118,166.0
73,f3719f44-d0f6-4d30-9bb3-22a3f315aae7,Génesis,Cabrera,Blue Jays,RP,L,0.2925531914893617,0.0,0.3333333333333333,0.1,0.4361702127659574,0.0,0.6666666666666666,0.2,0.6063829787234043,0.3936170212765957,92.60748663101604,0.7393617021276596,0.2606382978723404,185.0
74,33d74b50-ee53-42d2-8556-0d77e2c4a148,Bowden,Francis,Blue Jays,RP,R,0.22,0.0,0.3333333333333333,0.2,0.4,0.0,0.6666666666666666,0.6,0.71,0.29,88.04040404040404,0.69,0.31,98.0
75,eebc991a-23ea-4f1c-ba3b-37ff21ee1603,Gerrit,Cole,Yankees,SP,R,0.2754303599374021,0.0,0.3333333333333333,0.3,0.3881064162754303,0.0,1.3333333333333333,0.6,0.6744913928012519,0.325508607198748,93.31959247648903,0.8262910798122066,0.1737089201877934,615.0
76,b5fe445d-6ac4-4542-a73c-69afced32a97,Carlos,Rodón,Yankees,SP,L,0.3379310344827586,0.0,0.0,0.3,0.5517241379310345,0.0,0.0,0.3,0.7241379310344828,0.2758620689655172,92.90902777777778,0.9586206896551724,0.0413793103448275,142.0
77,98382676-6df3-4b1f-9bc8-8c2f1fd28621,Clarke,Schmidt,Yankees,SP,R,0.3246268656716418,0.0,0.6666666666666666,0.3,0.5,0.0,1.0,0.4,0.6716417910447762,0.3283582089552239,89.46392523364486,0.2779850746268656,0.7220149253731343,526.0
78,fa34724d-b540-4705-9d2c-7f50f81865b3,Luis,Severino,Yankees,SP,R,0.3927492447129909,1.0,0.6666666666666666,0.3,0.6404833836858006,1.0,1.6666666666666667,0.6,0.6676737160120846,0.3323262839879154,91.99848484848484,0.7915407854984894,0.2084592145015106,330.0
79,d6d28d10-085a-4122-86c0-2886b5ec362a,Jhony,Brito,Yankees,SP,R,0.3321299638989169,0.0,0.0,0.4,0.5379061371841155,0.0,0.0,0.4,0.6787003610108303,0.3212996389891697,91.2786231884058,0.0902527075812274,0.9097472924187726,271.0
80,b0b80d42-de4b-4722-b4fa-bbdbb0d5d53e,Wandy,Peralta,Yankees,RP,L,0.3177083333333333,1.0,0.6666666666666666,0.4,0.4322916666666667,1.0,0.6666666666666666,0.4,0.53125,0.46875,92.38376963350784,0.1458333333333333,0.8541666666666666,188.0
81,8adff54a-cb4b-4692-b18c-e9aaa9a8e076,Michael,King,Yankees,RP,R,0.296028880866426,1.0,0.3333333333333333,0.3,0.4151624548736462,4.0,1.3333333333333333,0.6,0.6245487364620939,0.3754512635379061,89.38260869565217,0.1913357400722021,0.8086642599277978,274.0
82,257b1387-5dfa-4674-a3b7-6eb561ed2f06,Thomas,Kahnle,Yankees,RP,R,0.2796610169491525,1.0,0.3333333333333333,0.3,0.3983050847457627,4.0,1.3333333333333333,0.6,0.6101694915254238,0.3898305084745763,90.81538461538462,0.1694915254237288,0.8305084745762712,117.0
83,450c50cd-69aa-4389-a5eb-ca6eaa3a0931,Keynan,Middleton,Yankees,RP,R,0.2984293193717277,1.0,0.3333333333333333,0.3,0.4293193717277487,1.0,0.3333333333333333,0.3,0.5863874345549738,0.4136125654450261,89.58421052631579,0.5340314136125655,0.4659685863874345,188.0
84,5d89265b-ae25-4362-807a-7b4d9a67ae55,Jonathan,Loáisiga,Yankees,RP,R,0.1212121212121212,0.0,0.0,0.1,0.2121212121212121,0.0,0.0,0.1,0.6666666666666666,0.3333333333333333,98.6375,0.0303030303030303,0.9696969696969696,32.0
85,f4fb7a7f-4ab4-4f1e-8a82-1561d87a7f04,Ian,Hamilton,Yankees,RP,R,0.2872340425531915,0.0,0.0,0.1,0.3670212765957447,0.0,0.0,0.1,0.5797872340425532,0.4202127659574468,91.6951871657754,0.7872340425531915,0.2127659574468085,187.0
86,1cee0c9e-5464-41c3-a3f4-be0c5863875f,Albert,Abreu,Yankees,RP,R,0.3416666666666667,0.0,0.3333333333333333,0.5,0.4833333333333333,0.0,0.3333333333333333,0.9,0.6625,0.3375,93.6794979079498,0.2958333333333333,0.7041666666666667,238.0
87,2d8511cd-e05d-40cf-8672-3d6706ae39e3,James,Paxton,Red Sox,SP,L,0.2978723404255319,1.0,1.0,0.5,0.4680851063829787,2.0,2.333333333333333,0.9,0.6861702127659575,0.3138297872340425,91.07253333333333,0.7845744680851063,0.2154255319148936,367.0
88,3c5c48e4-cdc8-43e1-8239-a15e78677139,Brayan,Bello,Red Sox,SP,R,0.3081510934393638,1.0,0.3333333333333333,0.5,0.4652087475149105,1.0,0.3333333333333333,0.5,0.6679920477137177,0.3320079522862823,91.6617529880478,0.3399602385685885,0.6600397614314115,500.0
89,d548d8c4-f974-4ee8-873f-16b72429d2c3,Kutter,Crawford,Red Sox,SP,R,0.2827763496143959,0.0,0.3333333333333333,0.3,0.4447300771208226,0.0,1.3333333333333333,0.6,0.6812339331619537,0.3187660668380462,88.5979381443299,0.7326478149100257,0.2673521850899742,377.0
90,1b0ad742-0bc5-49b0-abe0-005e8581b1d3,Tanner,Houck,Red Sox,SP,R,0.3061889250814332,0.0,0.0,0.2,0.4364820846905538,0.0,0.0,0.2,0.6807817589576547,0.3192182410423452,89.7545751633987,0.6058631921824105,0.3941368078175896,301.0
91,66c43b7f-760a-446c-9f50-671915570227,Christopher,Sale,Red Sox,SP,L,0.293286219081272,1.0,0.6666666666666666,0.4,0.4628975265017668,1.0,0.6666666666666666,0.4,0.5759717314487632,0.4240282685512367,88.85567375886525,0.734982332155477,0.2650176678445229,276.0
92,d49a253f-518e-4a86-9dcf-c91497c29d92,Nicholas,Pivetta,Red Sox,SP,R,0.289237668161435,1.0,0.6666666666666666,0.2,0.4730941704035874,1.0,1.6666666666666667,0.5,0.6300448430493274,0.3699551569506726,89.11640449438202,0.7017937219730942,0.2982062780269058,441.0
93,4e52e687-a91b-40ca-9ebd-1bf8006a6d53,Christopher,Martin,Red Sox,RP,R,0.25,0.0,0.3333333333333333,0.2,0.325,0.0,0.3333333333333333,0.3,0.7,0.3,92.94025157232704,0.66875,0.33125,157.0
94,168e458f-a73b-4361-b25b-31fe1eb50e61,Joshua,Winckowski,Red Sox,RP,R,0.3309859154929577,1.0,0.6666666666666666,0.3,0.4612676056338028,1.0,1.0,0.4,0.6866197183098591,0.3133802816901408,92.36890459363958,0.5492957746478874,0.4507042253521127,280.0
95,0f25d081-94d3-46b7-b534-2699a252a140,John,Schreiber,Red Sox,RP,R,0.3305785123966942,0.0,0.3333333333333333,0.5,0.4545454545454545,0.0,0.3333333333333333,0.8,0.6694214876033058,0.3305785123966942,90.23916666666668,0.5289256198347108,0.4710743801652892,118.0
96,2cf674c0-51a0-4aab-9303-c872345243c4,Brennan,Bernardino,Red Sox,RP,L,0.301775147928994,0.0,0.3333333333333333,0.3,0.4023668639053254,0.0,0.6666666666666666,0.5,0.7455621301775148,0.2544378698224852,87.61428571428571,0.0,1.0,168.0
97,61bc96e6-dbb3-4dc0-972d-0c85d49f37ca,Garrett,Whitlock,Red Sox,SP,R,0.3193277310924369,0.0,0.6666666666666666,0.2,0.5462184873949579,0.0,1.6666666666666667,0.5,0.6890756302521008,0.3109243697478991,87.87974683544304,0.0798319327731092,0.9201680672268908,232.0
98,eb959fab-f117-4ae1-825c-55e641f9e5cb,Mauricio,Llovera,Red Sox,RP,R,0.3636363636363636,1.0,0.3333333333333333,0.3,0.4935064935064935,2.0,0.6666666666666666,0.4,0.6493506493506493,0.3506493506493506,91.4565789473684,0.4025974025974026,0.5974025974025974,75.0
99,1b65d697-deeb-4eec-8bc3-c704a21c7cda,Aaron,Civale,Rays,SP,R,0.2807486631016043,1.0,0.3333333333333333,0.3,0.374331550802139,1.0,0.3333333333333333,0.3,0.6818181818181818,0.3181818181818182,85.96058981233244,0.5053475935828877,0.4946524064171123,369.0
100,dc22b8c1-fc07-4f68-ae4c-254e9dcc74c1,Zachary,Eflin,Rays,SP,R,0.2619047619047619,0.0,0.3333333333333333,0.4,0.4065934065934066,0.0,0.3333333333333333,0.7,0.7051282051282052,0.2948717948717949,87.60532110091744,0.3113553113553113,0.6886446886446886,535.0
101,81125861-72f8-461c-b7c2-46fc460a7115,Tyler,Glasnow,Rays,SP,R,0.2713414634146341,0.0,0.0,0.1,0.4115853658536585,0.0,0.0,0.4,0.6554878048780488,0.3445121951219512,91.65688073394494,0.7682926829268293,0.2317073170731707,322.0
102,fe0fc487-45d3-4178-9fd7-6c00025aff7e,Zack,Littell,Rays,SP,R,0.2976744186046511,0.0,0.6666666666666666,0.4,0.4604651162790698,0.0,0.6666666666666666,0.4,0.7348837209302326,0.2651162790697674,89.35981308411215,0.6604651162790698,0.3395348837209302,213.0
103,bb8651aa-fe5b-41ca-9b19-dca358fb9507,Jason,Adam,Rays,RP,R,0.2912621359223301,1.0,0.6666666666666666,0.3,0.4174757281553398,2.0,1.0,0.4,0.6213592233009708,0.3786407766990291,88.61902439024391,0.3349514563106796,0.6650485436893204,202.0
104,6ff68416-4a92-49e8-8432-b672e0e6d4db,Andrew,Kittredge,Rays,RP,R,0.1428571428571428,1.0,0.3333333333333333,0.1666666666666666,0.1428571428571428,1.0,0.3333333333333333,0.1666666666666666,0.4285714285714285,0.5714285714285714,107.15,0.5714285714285714,0.4285714285714285,6.0
105,9f50b346-bcfd-40ca-995c-83bb942c81e4,Colin,Poche,Rays,RP,L,0.2819148936170212,0.0,0.3333333333333333,0.3,0.3882978723404255,0.0,0.3333333333333333,0.3,0.6542553191489362,0.3457446808510638,90.2764705882353,1.0,0.0,181.0
106,b469052e-5b3b-42fa-bfe5-bdd91c6ccee5,Jacob,Diekman,Rays,RP,L,0.3405405405405405,0.0,0.0,0.5,0.4216216216216216,0.0,0.0,0.6,0.654054054054054,0.3459459459459459,93.07282608695652,0.6216216216216216,0.3783783783783784,184.0
107,fba71c66-344e-44b7-a5b8-1b67f6a3c767,Robert,Stephenson,Rays,RP,R,0.25,0.0,0.0,0.0,0.4230769230769231,0.0,0.0,0.0,0.5897435897435898,0.4102564102564102,89.97870967741936,0.903846153846154,0.0961538461538461,155.0
108,636653db-659f-46b4-a672-fcc478fc5be5,Shawn,Armstrong,Rays,RP,R,0.2205882352941176,0.0,0.0,0.2,0.2794117647058823,0.0,0.0,0.2,0.7205882352941176,0.2794117647058823,92.97851851851853,0.7647058823529411,0.2352941176470588,134.0
109,e10239f6-8a6e-42af-bfb1-03fdf173af3d,Erasmo,Ramírez,Rays,RP,R,0.3622448979591837,0.0,0.0,0.4,0.5,0.0,0.0,0.7,0.7704081632653061,0.2295918367346938,88.97999999999999,0.4285714285714285,0.5714285714285714,185.0
110,e4991724-8362-4ac7-ab6e-f9e8f8a063ae,Jacob,Lopez,Rays,SP,L,0.2777777777777778,1.0,0.3333333333333333,0.3,0.3333333333333333,1.0,0.3333333333333333,0.4,0.5555555555555556,0.4444444444444444,89.5,0.3333333333333333,0.6666666666666666,16.0
111,7f930115-f071-4c18-a2ef-ad5cf6c49b54,Kyle,Gibson,Orioles,SP,R,0.3234375,0.0,0.6666666666666666,0.3,0.4578125,0.0,1.0,0.4,0.678125,0.321875,88.05367762128326,0.2765625,0.7234375,611.0
112,9c506364-e0fa-45b9-9313-16f6e87e0327,Jack,Flaherty,Orioles,SP,R,0.3654545454545455,0.0,0.0,0.4,0.4963636363636363,0.0,0.0,0.9,0.6436363636363637,0.3563636363636364,87.0296903460838,0.7909090909090909,0.209090909090909,542.0
113,ac593ed6-be4c-46be-b1ab-9a18da4338cf,Kyle,Bradish,Orioles,SP,R,0.2868217054263566,0.0,0.3333333333333333,0.4,0.3992248062015504,0.0,0.3333333333333333,0.4,0.6782945736434108,0.3217054263565891,90.50873786407767,0.5038759689922481,0.4961240310077519,513.0
114,dba3e740-244b-487e-8122-2adc89c206f1,Dean,Kremer,Orioles,SP,R,0.3179487179487179,0.0,0.0,0.1,0.4854700854700854,0.0,0.0,0.1,0.7042735042735043,0.2957264957264957,90.09811643835616,0.5982905982905983,0.4017094017094017,578.0
115,8e17fe93-87da-4a6c-a63e-32a8083470cc,Grayson,Rodriguez,Orioles,SP,R,0.3342245989304813,0.0,0.0,0.3,0.5026737967914439,0.0,0.0,0.4,0.6470588235294118,0.3529411764705882,90.05361930294906,0.6283422459893048,0.3716577540106952,369.0
116,4c0f334c-1e2a-4917-840d-109fa30c45a3,Cole,Irvin,Orioles,RP,L,0.3294573643410852,0.0,0.0,0.3,0.4689922480620155,0.0,0.0,0.3,0.6589147286821705,0.3410852713178294,87.56031128404669,0.4573643410852713,0.5426356589147286,253.0
117,7650dd19-c947-4419-90b7-79b77bb00c37,Yennier,Cano,Orioles,RP,R,0.2669491525423729,0.0,0.3333333333333333,0.2,0.3559322033898305,0.0,0.3333333333333333,0.2,0.690677966101695,0.3093220338983051,94.0272340425532,0.1313559322033898,0.8686440677966102,233.0
118,f136950d-c272-4bea-9de6-e850c2925fe3,Shintaro,Fujinami,Orioles,RP,R,0.3633217993079585,0.0,0.3333333333333333,0.4,0.5086505190311419,0.0,0.3333333333333333,1.0,0.6851211072664359,0.314878892733564,95.28611111111113,0.740484429065744,0.259515570934256,282.0
119,c3fa97e2-1ea0-4178-b4c3-3d33ac7444d5,Austin,Voth,Orioles,RP,R,0.3611111111111111,1.0,0.6666666666666666,0.7,0.5138888888888888,1.0,0.6666666666666666,1.0,0.625,0.375,87.2979020979021,0.5277777777777778,0.4722222222222222,141.0
120,3c3e37f1-b7b1-4d64-ac0a-303dcc82f688,Cionel,Pérez,Orioles,RP,L,0.345360824742268,0.0,0.0,0.1,0.4278350515463917,0.0,0.0,0.1,0.7268041237113402,0.2731958762886597,92.17720207253886,0.6082474226804123,0.3917525773195876,189.0
121,526a1205-0c3c-4c93-916d-5beeca478bb6,Jacob,Webb,Orioles,RP,R,0.2883435582822086,0.0,0.3333333333333333,0.3,0.4355828220858895,0.0,0.3333333333333333,0.3,0.6134969325153374,0.3865030674846625,90.54814814814814,0.50920245398773,0.4907975460122699,162.0
122,1b1b2a53-fd3b-471b-b4cf-4e7a661c89c6,Nicholas,Vespi,Orioles,RP,L,0.3103448275862069,0.0,0.0,0.4,0.5172413793103449,0.0,0.0,0.9,0.7068965517241379,0.293103448275862,86.70526315789473,0.7931034482758621,0.2068965517241379,55.0
123,93413a68-2c05-405a-a38c-9ee983b36913,Eduardo,Rodriguez,Tigers,SP,L,0.2678983833718245,0.0,0.0,0.1,0.3810623556581986,0.0,0.0,0.1,0.6605080831408776,0.3394919168591224,90.2090277777778,0.6374133949191686,0.3625866050808314,413.0
124,a526a335-b798-4351-b1a1-ebeb96a21bd1,Matthew,Manning,Tigers,SP,R,0.2899628252788104,1.0,0.3333333333333333,0.3,0.4572490706319702,1.0,0.3333333333333333,0.4,0.758364312267658,0.241635687732342,87.61791044776119,0.758364312267658,0.241635687732342,268.0
125,22187b04-0bc4-4351-a0f6-d41013673cb6,Tarik,Skubal,Tigers,SP,L,0.2763157894736842,0.0,0.3333333333333333,0.1,0.375,0.0,0.3333333333333333,0.1,0.7631578947368421,0.2368421052631578,92.47682119205298,0.6381578947368421,0.3618421052631579,148.0
126,81188c28-2235-44cf-b11a-c58a192e3d4c,Reese,Olson,Tigers,SP,R,0.2939068100358423,0.0,0.3333333333333333,0.5,0.4659498207885305,0.0,0.3333333333333333,1.1,0.6917562724014337,0.3082437275985663,90.48992805755395,0.6200716845878136,0.3799283154121863,277.0
127,6506c668-01ec-4f16-b00b-768f1a199b07,Alexander,Faedo,Tigers,SP,R,0.248780487804878,0.0,0.0,0.2,0.448780487804878,0.0,0.0,0.5,0.6634146341463415,0.3365853658536585,88.10686274509804,0.8390243902439024,0.1609756097560975,204.0
128,5f333b4b-e361-4705-8741-0c0f0dd1a4f7,Jason,Foley,Tigers,RP,R,0.2927927927927928,1.0,0.6666666666666666,0.3,0.3828828828828828,2.0,1.0,0.4,0.7027027027027027,0.2972972972972973,95.99049773755657,0.1351351351351351,0.8648648648648649,219.0
129,bc310e40-61b2-4148-80f5-918bc70c2946,Tyler,Holton,Tigers,RP,L,0.22,0.0,0.0,0.0,0.304,0.0,0.0,0.0,0.648,0.352,87.61887550200802,0.596,0.404,247.0
130,0d9babdc-80b5-40c2-a71d-068219b9337b,Beau,Brieske,Tigers,RP,R,0.3055555555555556,0.0,0.3333333333333333,0.4,0.4444444444444444,0.0,0.3333333333333333,0.6,0.625,0.375,94.9450704225352,0.4861111111111111,0.5138888888888888,70.0
131,761063c5-7bae-48de-963e-11411b60d6f7,José,Cisnero,Tigers,RP,R,0.3366336633663366,1.0,1.0,0.8,0.4851485148514851,1.0,1.3333333333333333,1.0,0.7079207920792079,0.292079207920792,93.00547263681592,0.7178217821782178,0.2821782178217821,201.0
132,5989b40c-e523-4138-853d-40c0f8f4ece3,William,Vest,Tigers,RP,R,0.2949640287769784,0.0,0.6666666666666666,0.5,0.3884892086330935,0.0,0.6666666666666666,0.6,0.6546762589928058,0.3453237410071942,91.53985507246377,0.841726618705036,0.158273381294964,137.0
133,ef5a39be-5ae6-401c-b03b-50272b051082,Andrew,Vasquez,Tigers,RP,L,0.3350515463917525,1.0,0.3333333333333333,0.4,0.4278350515463917,3.0,1.0,0.6,0.6494845360824743,0.3505154639175257,81.80829015544042,0.922680412371134,0.0773195876288659,189.0
134,c8456d31-3817-41a4-a932-eebbc42d2920,Brendan,White,Tigers,RP,R,0.3208955223880597,0.0,0.0,0.3,0.4477611940298507,0.0,0.0,0.4,0.6492537313432836,0.3507462686567164,88.69172932330827,0.5373134328358209,0.4626865671641791,132.0
135,2d8de314-4980-4f1a-97b5-279261ceb111,Pablo,López,Twins,SP,R,0.2813990461049284,0.0,0.3333333333333333,0.4,0.4085850556438791,0.0,0.3333333333333333,0.4,0.643879173290938,0.356120826709062,89.80063694267517,0.3259141494435612,0.6740858505564388,607.0
136,b004cc6c-f00c-4b5d-917a-ee1abf92179d,Sonny,Gray,Twins,SP,R,0.2948073701842546,0.0,0.3333333333333333,0.6,0.371859296482412,0.0,0.3333333333333333,0.6,0.6381909547738693,0.3618090452261306,87.6744966442953,0.4003350083752093,0.5996649916247906,583.0
137,d596dae4-f972-444d-9db0-4efd47b0fb44,John,Ober,Twins,SP,R,0.290187891440501,0.0,0.0,0.2,0.4488517745302714,0.0,0.0,0.3,0.6367432150313153,0.3632567849686847,86.34895397489541,0.6346555323590815,0.3653444676409186,476.0
138,e66534ab-0f5b-4c55-ade3-c06bd798a77f,Kenta,Maeda,Twins,SP,R,0.287719298245614,0.0,0.0,0.4,0.4561403508771929,0.0,0.0,1.0,0.6175438596491228,0.3824561403508772,85.23908450704226,0.5964912280701754,0.4035087719298245,280.0
139,77bb98d3-51ff-40c4-89cb-219ff98496f5,Dallas,Keuchel,Twins,SP,L,0.3571428571428571,0.0,0.0,0.0,0.4285714285714285,0.0,0.0,0.0,0.6071428571428571,0.3928571428571428,85.28727272727274,0.2142857142857142,0.7857142857142857,55.0
140,0d43ccec-1f14-4abc-9914-54a699607f31,James,Jax,Twins,RP,R,0.2836538461538461,0.0,0.0,0.4,0.3894230769230769,0.0,0.0,1.2,0.6778846153846154,0.3221153846153846,89.98454106280192,0.1971153846153846,0.8028846153846154,206.0
141,0473750e-f7fa-4ee6-bf65-de76b2bc2917,Emilio,Pagán,Twins,RP,R,0.2464454976303317,0.0,0.0,0.1,0.3696682464454976,0.0,0.0,0.1,0.6872037914691943,0.3127962085308057,91.8595238095238,0.8862559241706162,0.1137440758293838,208.0
142,80488696-f2df-40de-b98f-8de75d404cbc,Dylan,Floro,Twins,RP,R,0.3557692307692308,0.0,0.6666666666666666,0.8,0.4519230769230769,0.0,0.6666666666666666,0.8,0.6442307692307693,0.3557692307692308,90.74782608695652,0.4326923076923077,0.5673076923076923,207.0
143,37d66c9e-486b-4084-ad22-f359d28ff214,Caleb,Thielbar,Twins,RP,L,0.234375,0.0,0.3333333333333333,0.4,0.375,0.0,0.3333333333333333,0.5,0.671875,0.328125,88.09365079365078,0.609375,0.390625,61.0
144,cf3f4403-0d6c-424f-a820-045cdfd24d7f,Josh,Winder,Twins,RP,R,0.3604651162790697,1.0,0.6666666666666666,0.7,0.5232558139534884,1.0,0.6666666666666666,0.8,0.6627906976744186,0.3372093023255814,88.99764705882353,0.6627906976744186,0.3372093023255814,85.0
145,6104d7b2-b208-4bb3-b76d-a21f3c661e78,Bryson,Sands,Twins,RP,R,0.3472222222222222,0.0,0.3333333333333333,0.3,0.5277777777777778,0.0,0.3333333333333333,0.3,0.6527777777777778,0.3472222222222222,91.23661971830988,0.4444444444444444,0.5555555555555556,70.0
146,e27962b7-39b4-43b5-9e6f-0fe27dcf2ead,Oliver,Ortega,Twins,RP,R,0.3015873015873015,1.0,0.3333333333333333,0.5,0.4126984126984127,1.0,0.3333333333333333,0.6,0.6349206349206349,0.365079365079365,88.45967741935483,0.4761904761904761,0.5238095238095238,62.0
147,9dd06397-4353-44e8-81bb-6e88a75e42b5,Jordan,Lyles,Royals,SP,R,0.3066439522998296,0.0,0.3333333333333333,0.2,0.5332197614991482,0.0,1.3333333333333333,0.5,0.7018739352640545,0.2981260647359455,86.4622866894198,0.4054514480408858,0.5945485519591142,574.0
148,ba554801-7322-487c-a998-74fd132712e8,Donald,Greinke,Royals,SP,R,0.3073684210526315,1.0,0.3333333333333333,0.1,0.4968421052631579,1.0,0.3333333333333333,0.1,0.6736842105263158,0.3263157894736842,84.56308016877638,0.5284210526315789,0.471578947368421,450.0
149,18f3c854-6490-4e6b-8afe-bc562c5b20b4,Brady,Singer,Royals,SP,R,0.3272727272727272,0.0,0.6666666666666666,0.5,0.484297520661157,0.0,0.6666666666666666,0.8,0.6710743801652893,0.3289256198347107,88.50066225165563,0.4694214876033057,0.5305785123966942,594.0
150,9941a844-9315-4f2f-9fc2-533c07b625f2,Cole,Ragans,Royals,SP,L,0.3230088495575221,0.0,0.3333333333333333,0.4,0.4292035398230088,0.0,0.3333333333333333,0.4,0.6283185840707964,0.3716814159292035,90.32444444444444,0.5752212389380531,0.4247787610619469,219.0
151,3beb4f90-3b36-4fce-8c70-c8f154ce2b82,Alec,Marsh,Royals,SP,R,0.3793103448275862,1.0,0.3333333333333333,0.3,0.6157635467980296,2.0,0.6666666666666666,0.7,0.6305418719211823,0.3694581280788177,89.36237623762376,0.6650246305418719,0.334975369458128,202.0
152,d4dac3af-b2e9-4f8c-ae5e-abc3cf990d90,Austin,Cox,Royals,RP,L,0.3070866141732283,1.0,1.0,0.5,0.3858267716535433,1.0,1.0,0.5,0.6377952755905512,0.3622047244094488,88.18809523809524,0.7165354330708661,0.2834645669291338,124.0
153,dfbb5a84-c020-47ee-a5fa-d8bada279486,Taylor,Hearn,Royals,RP,L,0.4098360655737705,1.0,0.3333333333333333,0.4,0.639344262295082,4.0,1.3333333333333333,0.9,0.639344262295082,0.360655737704918,93.04,0.8524590163934426,0.1475409836065573,58.0
154,da381d9b-e6c5-4be2-9d24-ae1cf8f42259,Joseph,Davidson,Royals,RP,L,0.3722222222222222,0.0,0.3333333333333333,0.2,0.5055555555555555,0.0,0.3333333333333333,0.2,0.6722222222222223,0.3277777777777778,86.98938547486034,0.8555555555555555,0.1444444444444444,170.0
155,7eb34043-55cb-40e1-a8e2-e2d2c7f494b8,Angel,Zerpa,Royals,RP,L,0.3766233766233766,0.0,0.6666666666666666,0.3,0.5454545454545454,0.0,1.0,0.7,0.7662337662337663,0.2337662337662337,91.84342105263158,0.6623376623376623,0.3376623376623376,74.0
156,ec8c009d-72ac-4271-bb71-52ad784f5c47,John,McMillon,Royals,RP,R,0.1,0.0,0.0,0.1111111111111111,0.4,0.0,0.0,0.4444444444444444,0.6,0.4,100.37777777777778,1.0,0.0,9.0
157,b3b31a27-6fdd-483f-9d67-23d50fd951db,Taylor,Clarke,Royals,RP,R,0.3738317757009345,1.0,0.6666666666666666,0.5,0.5280373831775701,1.0,0.6666666666666666,0.5,0.6074766355140186,0.3925233644859813,89.9492957746479,0.6682242990654206,0.3317757009345794,212.0
158,2debe5bd-ebc7-4315-a36d-e6a278f5bbf8,Jackson,Kowar,Royals,RP,R,0.373134328358209,0.0,0.0,0.4,0.4776119402985074,0.0,0.0,0.4,0.6268656716417911,0.373134328358209,90.67424242424242,0.6268656716417911,0.373134328358209,64.0
159,6072398c-e2b4-405c-932a-aa05582114dc,Dylan,Cease,White Sox,SP,R,0.3305921052631579,0.0,0.6666666666666666,0.8,0.4621710526315789,0.0,0.6666666666666666,1.0,0.6151315789473685,0.3848684210526316,89.18204283360791,0.8322368421052632,0.1677631578947368,583.0
160,998eaf5a-e1b2-4baa-af3c-2fb4e8ded567,Michael,Kopech,White Sox,SP,R,0.3520309477756286,1.0,1.0,0.4,0.5551257253384912,4.0,2.0,0.8,0.5996131528046421,0.4003868471953578,91.8579457364341,0.9032882011605416,0.0967117988394584,514.0
161,dd0eb9ae-c640-4291-89e0-38f91ab8feae,Michael,Clevinger,White Sox,SP,R,0.3185378590078329,0.0,0.3333333333333333,0.5,0.4621409921671018,0.0,0.3333333333333333,0.9,0.6344647519582245,0.3655352480417754,88.74502617801046,0.8485639686684073,0.1514360313315927,381.0
162,44bdf132-b09d-4f16-95cf-43ff690aff61,Dany,Toussaint,White Sox,SP,R,0.3565573770491803,1.0,0.6666666666666666,0.2,0.4877049180327868,4.0,1.6666666666666667,0.5,0.6065573770491803,0.3934426229508196,88.12057613168724,0.3319672131147541,0.6680327868852459,243.0
163,f7588c07-8ad8-4791-a223-ad5f7243aa0f,Jesse,Scholtens,White Sox,SP,R,0.3185483870967742,0.0,0.3333333333333333,0.4,0.4354838709677419,0.0,0.3333333333333333,0.4,0.6895161290322581,0.3104838709677419,87.68056680161942,0.8387096774193549,0.1612903225806451,245.0
164,982edc12-b347-4998-80e4-5f088f2a3378,Aaron,Bummer,White Sox,RP,L,0.3284313725490196,1.0,0.3333333333333333,0.3,0.4117647058823529,1.0,0.3333333333333333,0.6,0.5931372549019608,0.4068627450980392,89.39113300492612,0.0931372549019607,0.9068627450980392,198.0
165,ffe440b0-da23-41c3-af18-0bfe816bdc55,James,Lambert,White Sox,RP,R,0.3509933774834437,0.0,0.3333333333333333,0.3,0.609271523178808,0.0,0.3333333333333333,0.6,0.6622516556291391,0.3377483443708609,89.12133333333334,0.7549668874172185,0.2450331125827814,148.0
166,45273e61-1cac-4596-8658-31c06d773435,Bryan,Shaw,White Sox,RP,R,0.3595505617977528,0.0,0.6666666666666666,0.4,0.4943820224719101,0.0,0.6666666666666666,0.4,0.6404494382022472,0.3595505617977528,90.27954545454546,0.7078651685393258,0.2921348314606741,87.0
167,a5b129bf-8b14-4753-b95b-cca0e29a6a25,Tanner,Banks,White Sox,RP,L,0.3186813186813186,1.0,0.6666666666666666,0.4,0.554945054945055,1.0,0.6666666666666666,0.5,0.7527472527472527,0.2472527472527472,88.46850828729282,0.6923076923076923,0.3076923076923077,180.0
168,a11bebff-1db9-4345-bd77-87bafada9c61,Lane,Ramsey,White Sox,RP,R,0.2857142857142857,1.0,0.3333333333333333,0.3,0.3142857142857143,1.0,0.3333333333333333,0.3,0.7714285714285715,0.2285714285714285,93.78823529411764,1.0,0.0,34.0
169,6adb7010-9a82-46e4-b5dd-83218c982350,Edgar,Navarro,White Sox,RP,R,0.4,0.0,0.3333333333333333,0.4,0.8,0.0,0.6666666666666666,0.9,0.6666666666666666,0.3333333333333333,97.72857142857144,0.2,0.8,14.0
170,eaea23a2-1852-4b8e-b95c-656c2ccc836b,Samuel,Peralta,White Sox,RP,L,0.3157894736842105,0.0,0.0,0.1,0.3684210526315789,0.0,0.0,0.1,0.5789473684210527,0.4210526315789473,89.86111111111111,0.4736842105263157,0.5263157894736842,18.0
171,0d19def3-bd18-473c-b6f8-5b92b017f27f,Noah,Syndergaard,Guardians,SP,R,0.3442622950819672,0.0,0.0,0.1,0.5628415300546448,0.0,0.0,0.2,0.7377049180327869,0.2622950819672131,88.65534246575342,0.3251366120218579,0.674863387978142,352.0
172,337921aa-4410-42f6-9900-3f81ad7fb00c,Tanner,Bibee,Guardians,SP,R,0.3008474576271186,0.0,0.0,0.1,0.4088983050847458,0.0,0.0,0.2,0.6652542372881356,0.3347457627118644,89.59002123142251,0.7627118644067796,0.2372881355932203,463.0
173,59085c2a-d957-4bb4-8d7e-295419b7254d,Gavin,Williams,Guardians,SP,R,0.3061224489795918,0.0,0.3333333333333333,0.2,0.4448979591836735,0.0,0.3333333333333333,0.3,0.6285714285714286,0.3714285714285714,90.03975409836066,0.7836734693877551,0.2163265306122449,244.0
174,64e072d2-dbcb-499d-8e08-ff2046272ffe,Logan,Allen,Guardians,SP,L,0.317351598173516,0.0,0.0,0.0,0.4520547945205479,0.0,0.0,0.0,0.6643835616438356,0.3356164383561644,86.56819221967964,0.5684931506849316,0.4315068493150685,432.0
175,2cf9c618-4a88-412c-9ab4-3e70671e7b1f,Xzavion,Curry,Guardians,RP,R,0.2908496732026144,0.0,0.0,0.3,0.4379084967320261,0.0,0.0,0.4,0.7418300653594772,0.2581699346405229,87.9816393442623,0.826797385620915,0.1732026143790849,301.0
176,197d4140-84fd-43d4-b9ee-4506549c3be9,Trevor,Stephan,Guardians,RP,R,0.2964601769911504,0.0,0.3333333333333333,0.2,0.4247787610619469,0.0,0.3333333333333333,0.2,0.6460176991150443,0.3539823008849557,90.49777777777778,0.7168141592920354,0.2831858407079646,219.0
177,19531254-3669-4d66-a1ac-c1264e6cb3bb,Sam D.,Hentges,Guardians,RP,L,0.3396226415094339,0.0,0.0,0.2,0.4276729559748428,0.0,0.0,0.2,0.6918238993710691,0.3081761006289308,90.29493670886076,0.4842767295597484,0.5157232704402516,158.0
178,d7ef5d66-3914-4a6a-bf41-1b77369a58a6,Elijah,Morgan,Guardians,RP,R,0.3108108108108108,0.0,0.3333333333333333,0.2,0.4459459459459459,0.0,0.3333333333333333,0.5,0.6036036036036037,0.3963963963963964,85.64072398190045,0.6081081081081081,0.3918918918918919,216.0
179,47f3a8f2-b73d-4560-8f51-bfe08515a9cd,Enyel,De Los Santos,Guardians,RP,R,0.2906403940886699,0.0,0.3333333333333333,0.4,0.4039408866995074,0.0,0.3333333333333333,0.8,0.6896551724137931,0.3103448275862069,92.83910891089108,0.9113300492610836,0.0886699507389162,197.0
180,1458283f-6a58-4f58-9bbb-7160086b9bc8,Nick,Sandlin,Guardians,RP,R,0.2582417582417582,0.0,0.3333333333333333,0.5,0.4395604395604395,0.0,1.3333333333333333,1.1,0.6978021978021978,0.3021978021978022,86.40386740331492,0.7307692307692307,0.2692307692307692,176.0
181,a0fac67f-f601-4745-af63-92009f082930,James,Karinchak,Guardians,RP,R,0.2936507936507936,1.0,0.3333333333333333,0.3,0.4682539682539682,1.0,0.3333333333333333,0.3,0.5634920634920635,0.4365079365079365,91.7552,0.6666666666666666,0.3333333333333333,120.0
182,627d5421-39e7-4b24-b231-90e5e8b9a5ba,Tim,Herrin,Guardians,RP,L,0.336283185840708,0.0,0.3333333333333333,0.3,0.4424778761061947,0.0,0.3333333333333333,0.3,0.6194690265486725,0.3805309734513274,91.96875,0.7699115044247787,0.2300884955752212,110.0
183,8f0c3e7b-ea0c-471c-870a-c9f7bdd81f47,Douglas,Ashcraft,Reds,SP,R,0.3350785340314136,0.0,0.0,0.1,0.4921465968586387,0.0,0.0,0.1,0.6858638743455497,0.3141361256544502,93.61643356643356,0.9075043630017452,0.0924956369982548,560.0
184,7abdea2a-e3d9-4458-a044-0b6d989065cd,Christian,Greene,Reds,SP,R,0.3382789317507418,1.0,1.0,0.6,0.5489614243323442,4.0,3.0,1.6,0.6231454005934718,0.3768545994065282,95.1860119047619,0.9465875370919882,0.0534124629080118,315.0
185,45b2906b-e65a-450e-aefd-035284937324,Brandon,Williamson,Reds,SP,L,0.3072625698324022,0.0,0.0,0.5,0.4804469273743016,0.0,0.0,0.8,0.7039106145251397,0.2960893854748603,88.50280112044818,0.776536312849162,0.2234636871508379,348.0
186,f7000da1-4701-412d-b283-92b0098530a0,Andrew,Abbott,Reds,SP,L,0.2791411042944785,0.0,0.3333333333333333,0.3,0.4325153374233129,0.0,0.3333333333333333,0.6,0.6687116564417178,0.3312883435582822,88.63569230769231,0.5214723926380368,0.4785276073619632,323.0
187,999971ab-4ea4-49a9-9a9d-8a6fb06d55e1,Lyon,Richardson,Reds,SP,R,0.4375,1.0,0.3333333333333333,0.3,0.8125,1.0,0.3333333333333333,0.3,0.5625,0.4375,98.0,0.4375,0.5625,14.0
188,2b80ad24-b20f-4845-afea-70ca01036efc,Lucas,Sims,Reds,RP,R,0.3230769230769231,1.0,0.3333333333333333,0.3,0.4512820512820513,1.0,0.3333333333333333,0.6,0.5692307692307692,0.4307692307692308,89.34123711340206,0.9692307692307692,0.0307692307692307,194.0
189,926bfea7-9993-4019-b3e1-58e7d03f9b4b,Ian,Gibaut,Reds,RP,R,0.2970711297071129,0.0,0.0,0.2,0.4309623430962343,0.0,0.0,0.5,0.6903765690376569,0.309623430962343,91.05756302521009,0.6485355648535565,0.3514644351464435,235.0
190,4b3f17a9-80c5-4a06-87b6-c515f3c34c42,Derek,Law,Reds,RP,R,0.3,0.0,0.0,0.1,0.3833333333333333,0.0,0.0,0.1,0.6611111111111111,0.3388888888888889,91.2245810055866,0.7277777777777777,0.2722222222222222,174.0
191,646fa095-3f32-41f3-be45-12f5e2d087e4,Samuel,Moll,Reds,RP,L,0.32,1.0,0.3333333333333333,0.3,0.41,1.0,0.3333333333333333,0.3,0.65,0.35,89.98492462311557,0.205,0.795,197.0
192,5f726846-50ef-4ba9-ba10-48c00e6644ff,George,Farmer,Reds,RP,R,0.2851063829787234,0.0,0.0,0.1,0.451063829787234,0.0,0.0,0.1,0.6851063829787234,0.3148936170212766,89.98418803418804,0.7319148936170212,0.2680851063829787,230.0
193,186d83c6-e87a-4bf3-a930-31d1ec4cea90,Alexander,Young,Reds,RP,L,0.3054187192118227,0.0,0.3333333333333333,0.3,0.438423645320197,0.0,0.3333333333333333,0.4,0.6206896551724138,0.3793103448275862,87.3930693069307,0.0295566502463054,0.9704433497536946,198.0
194,14a96f5a-b925-497b-abd1-bac8ac355f48,Fernando,Cruz,Reds,RP,R,0.3018867924528302,1.0,0.3333333333333333,0.3,0.4339622641509434,1.0,0.3333333333333333,0.3,0.5849056603773585,0.4150943396226415,87.57488151658768,0.5754716981132075,0.4245283018867924,208.0
195,096955a1-b563-4611-860b-b8470d55dea4,Brett,Kennedy,Reds,SP,R,0.2653061224489796,0.0,0.0,0.2,0.3469387755102041,0.0,0.0,0.2,0.6326530612244898,0.3673469387755102,91.92916666666667,0.5510204081632653,0.4489795918367347,48.0
196,262b24b7-ce98-4885-8715-2732a61db10d,Miles,Mikolas,Cardinals,SP,R,0.3169230769230769,1.0,0.6666666666666666,0.4,0.4507692307692307,1.0,0.6666666666666666,0.7,0.7153846153846154,0.2846153846153846,88.26718027734977,0.44,0.56,630.0
197,c399c961-1b45-430c-858e-f0a33ae0af85,Adam,Wainwright,Cardinals,SP,R,0.4074074074074074,1.0,0.6666666666666666,0.6,0.626984126984127,4.0,2.0,1.0,0.6878306878306878,0.3121693121693121,81.33978779840848,0.2936507936507936,0.7063492063492064,377.0
198,fd954c71-a360-41d8-846e-7faf831b6256,Dakota,Hudson,Cardinals,SP,R,0.3279569892473118,1.0,0.6666666666666666,0.5,0.4731182795698925,1.0,0.6666666666666666,0.8,0.6612903225806451,0.3387096774193548,89.35621621621623,0.5268817204301075,0.4731182795698925,185.0
199,c8f9ffa5-d070-4c45-b415-c6331e0f3f7a,Zachary,Thompson,Cardinals,RP,L,0.3358778625954198,0.0,0.0,0.3,0.4351145038167939,0.0,0.0,0.3,0.6259541984732825,0.3740458015267175,88.71076923076923,0.6793893129770993,0.3206106870229007,126.0
200,0f4978b2-11a8-42c4-af98-e7c8a9b42365,Drew,Rom,Cardinals,SP,L,0.4782608695652174,1.0,0.6666666666666666,0.5,0.7391304347826086,1.0,1.0,0.7,0.6956521739130435,0.3043478260869565,92.25,0.6956521739130435,0.3043478260869565,22.0
201,6b4748c0-1b93-4a58-9896-80a04af32c5b,Neil,Pallante,Cardinals,RP,R,0.3545454545454545,0.0,0.0,0.2,0.4545454545454545,0.0,0.0,0.3,0.6772727272727272,0.3227272727272727,92.31963470319634,0.85,0.15,217.0
202,ecee463a-f7fb-43ad-9a71-d20c3e4c5d38,Joseph,Romero,Cardinals,RP,L,0.2540983606557377,0.0,0.0,0.0,0.3360655737704918,0.0,0.0,0.0,0.6885245901639344,0.3114754098360656,91.24876033057852,0.3360655737704918,0.6639344262295082,120.0
203,94006ace-427f-4b5a-bd5b-367118fd4eb2,Drew,VerHagen,Cardinals,RP,R,0.3302752293577982,1.0,0.6666666666666666,0.4,0.4770642201834862,1.0,0.6666666666666666,0.4,0.6697247706422018,0.3302752293577982,89.39124423963135,0.4357798165137614,0.5642201834862385,216.0
204,9263d36c-cca2-4359-854e-b4139a494008,John,King,Cardinals,RP,L,0.3302752293577982,1.0,0.3333333333333333,0.1,0.4403669724770642,1.0,0.3333333333333333,0.1,0.6422018348623854,0.3577981651376147,90.35370370370372,0.091743119266055,0.908256880733945,108.0
205,c6ed1126-55d9-496c-a23c-523d0029b6d7,Andrew,Suárez,Cardinals,RP,L,0.3709677419354839,1.0,0.6666666666666666,0.6,0.5806451612903226,1.0,0.6666666666666666,0.9,0.7258064516129032,0.2741935483870967,88.89508196721312,0.6935483870967742,0.3064516129032258,61.0
206,051b28a4-a189-440e-bef0-3d922819e223,Casey,Lawrence,Cardinals,RP,R,0.3658536585365853,1.0,0.6666666666666666,0.5,0.5609756097560976,1.0,1.0,0.8,0.6829268292682927,0.3170731707317073,86.5,0.6097560975609756,0.3902439024390244,40.0
207,8c51ad39-f1f6-4e63-9e0d-a8d99d195450,Jacob,Barnes,Cardinals,RP,R,0.0,0.0,0.0,0.0,0.0,0.0,0.0,0.0,1.0,0.0,192.9,1.0,0.0,1.0
208,ffb19157-28c7-41ee-bdec-9b62d22337e2,Mitch,Keller,Pirates,SP,R,0.312406576980568,0.0,0.3333333333333333,0.6,0.4559043348281016,0.0,0.3333333333333333,0.7,0.7204783258594918,0.2795216741405082,90.68517964071856,0.460388639760837,0.5396113602391629,648.0
209,a0c056de-bbc2-4370-a0d7-f503ddccc847,Johan,Oviedo,Pirates,SP,R,0.3185419968304279,1.0,0.3333333333333333,0.3,0.4659270998415214,2.0,0.6666666666666666,0.7,0.6687797147385103,0.3312202852614897,90.68619047619048,0.7908082408874801,0.2091917591125198,623.0
210,7815f286-f332-429b-9378-fa6234af5036,Bailey,Falter,Pirates,SP,L,0.33203125,0.0,0.3333333333333333,0.3,0.515625,0.0,0.3333333333333333,0.3,0.7421875,0.2578125,86.6721568627451,0.68359375,0.31640625,248.0
211,24fd467f-0330-4e16-aeee-7d99de324c97,Osvaldo,Bido,Pirates,SP,R,0.3431372549019608,1.0,0.3333333333333333,0.4,0.4362745098039216,2.0,0.6666666666666666,0.5,0.6568627450980392,0.3431372549019608,90.09162561576352,0.7009803921568627,0.2990196078431372,203.0
212,a87a4eb5-c735-4431-ac59-c2cb85e2c82b,Luis L.,Ortiz,Pirates,SP,R,0.3790322580645161,1.0,1.0,0.6,0.5524193548387096,1.0,2.0,1.2,0.6451612903225806,0.3548387096774194,92.08582995951416,0.5766129032258065,0.4233870967741935,247.0
213,f9f85708-f049-4b86-9f93-cf3c7f854b22,Colin,Holderman,Pirates,RP,R,0.3068783068783068,0.0,0.0,0.4,0.4179894179894179,0.0,0.0,0.4,0.708994708994709,0.291005291005291,93.2186170212766,0.1428571428571428,0.8571428571428571,186.0
214,2945b9fb-77ed-4e60-a63d-0c4eb2feb458,Ryan,Borucki,Pirates,RP,L,0.2549019607843137,0.0,0.0,0.1,0.4215686274509804,0.0,0.0,0.2,0.7745098039215687,0.2254901960784313,88.70495049504952,0.4705882352941176,0.5294117647058824,101.0
215,38fe7a7d-c990-4440-ad2a-6b7c60a98ae6,Thomas,Hatch,Pirates,SP,R,0.3529411764705882,0.0,0.0,0.3,0.4411764705882353,0.0,0.0,0.4,0.6323529411764706,0.3676470588235294,90.02835820895523,0.5147058823529411,0.4852941176470588,67.0
216,eaa39de5-d59b-4e58-9530-baecb2846419,Colin,Selby,Pirates,SP,R,0.40625,0.0,0.0,0.4,0.59375,0.0,0.0,1.0,0.625,0.375,92.28387096774196,0.28125,0.71875,31.0
217,6b2fa002-16eb-4c76-8db3-405f67a84c5b,Jose,Hernandez,Pirates,RP,L,0.2901234567901234,1.0,0.3333333333333333,0.5,0.4814814814814814,2.0,0.6666666666666666,0.9,0.6666666666666666,0.3333333333333333,88.9223602484472,0.8580246913580247,0.1419753086419753,161.0
218,bc6343f5-aaf5-4d41-8179-478789f264ed,Yohan,Ramirez,Pirates,RP,R,0.3724137931034483,1.0,0.6666666666666666,0.4,0.4482758620689655,1.0,0.6666666666666666,0.4,0.6206896551724138,0.3793103448275862,92.42152777777778,0.0,1.0,143.0
219,706b7c5f-edb5-4a98-8d88-f28a8b9124f1,Andre,Jackson,Pirates,RP,R,0.303030303030303,0.0,0.6666666666666666,0.3,0.5227272727272727,0.0,1.6666666666666667,0.6,0.75,0.25,90.51984732824428,0.4545454545454545,0.5454545454545454,123.0
220,3ce2509f-eec9-4d02-aa76-0dce03029347,Corbin,Burnes,Brewers,SP,R,0.2722852512155591,0.0,0.0,0.1,0.3727714748784441,0.0,0.0,0.1,0.6288492706645057,0.3711507293354943,91.59253246753246,0.6499189627228525,0.3500810372771475,594.0
221,e28344cd-b08e-43ec-adcb-f6693203cf82,Freddy,Peralta,Brewers,SP,R,0.2944344703770197,0.0,0.3333333333333333,0.2,0.4470377019748653,0.0,0.3333333333333333,0.2,0.6642728904847397,0.3357271095152603,88.78057553956835,0.7432675044883303,0.2567324955116696,556.0
222,1ae40975-8948-422d-b0e7-81092ee9f55a,Brandon,Woodruff,Brewers,SP,R,0.2358490566037736,1.0,0.3333333333333333,0.4,0.4433962264150943,2.0,0.6666666666666666,1.1,0.6698113207547169,0.330188679245283,93.01333333333334,0.4716981132075472,0.5283018867924528,97.0
223,d8326a8e-0f8a-49dc-b3a9-610ddfdc53b7,Wade,Miley,Brewers,SP,L,0.2949438202247191,0.0,0.3333333333333333,0.4,0.4410112359550562,0.0,0.3333333333333333,0.5,0.6404494382022472,0.3595505617977528,87.01718309859154,0.6741573033707865,0.3258426966292135,352.0
224,8156bec7-9689-46d6-9b0f-eddf7240d9a3,Adrian,Houser,Brewers,SP,R,0.3367875647668393,0.0,0.3333333333333333,0.3,0.4585492227979275,0.0,0.3333333333333333,0.4,0.6994818652849741,0.3005181347150259,90.63922077922078,0.3626943005181347,0.6373056994818653,385.0
225,889d4e15-173d-43af-90cc-58da6c8bc759,Joel,Payamps,Brewers,RP,R,0.2398190045248869,0.0,0.0,0.3,0.3619909502262443,0.0,0.0,0.6,0.6787330316742082,0.3212669683257919,90.53227272727273,0.6742081447963801,0.3257918552036199,219.0
226,c7cc1802-2a2a-4cce-b028-fc69a82d08ae,Andrew,Chafin,Brewers,RP,L,0.3352272727272727,0.0,0.6666666666666666,0.4,0.4829545454545454,0.0,1.0,0.8,0.5454545454545454,0.4545454545454545,89.49428571428571,0.5511363636363636,0.4488636363636363,172.0
227,e83160b9-1507-4d04-aad5-086a5196af0a,Hoby,Milner,Brewers,RP,L,0.2696078431372549,0.0,0.3333333333333333,0.2,0.3823529411764705,0.0,0.3333333333333333,0.2,0.6323529411764706,0.3676470588235294,84.81576354679802,0.1862745098039215,0.8137254901960784,201.0
228,1f9bb067-a493-4954-8ad8-dfa9f6349cf8,Elvis,Peguero,Brewers,RP,R,0.3188405797101449,0.0,0.3333333333333333,0.3,0.3961352657004831,0.0,0.3333333333333333,0.3,0.6183574879227053,0.3816425120772946,94.0616504854369,0.4734299516908212,0.5265700483091788,206.0
229,424fdb4f-bc6c-4f13-85af-e2482a92e059,Abner,Uribe,Brewers,RP,R,0.2615384615384615,0.0,0.3333333333333333,0.4,0.3076923076923077,0.0,0.3333333333333333,0.4,0.7076923076923077,0.2923076923076923,98.9265625,0.3230769230769231,0.676923076923077,64.0
230,afebcbd0-fe00-4d21-99c5-6cee7e5eea02,Bryse,Wilson,Brewers,RP,R,0.2723577235772357,0.0,0.0,0.2,0.4349593495934959,0.0,0.0,0.2,0.7235772357723578,0.2764227642276423,90.5791836734694,0.4674796747967479,0.532520325203252,243.0
231,39c7f4b3-4a7e-429f-bb09-4a22b5614c3d,Trevor,Megill,Brewers,RP,R,0.3225806451612903,0.0,0.3333333333333333,0.2,0.3978494623655914,0.0,0.3333333333333333,0.2,0.7311827956989247,0.2688172043010752,97.06630434782608,0.7956989247311828,0.2043010752688172,92.0
232,70f7f1a5-e82d-45c9-8fb1-7ba495797690,Justin,Steele,Cubs,SP,L,0.2932604735883424,0.0,0.3333333333333333,0.3,0.4043715846994535,0.0,0.3333333333333333,0.3,0.6958105646630237,0.3041894353369763,88.91313868613139,0.965391621129326,0.0346083788706739,533.0
233,0b4c4345-7609-4ab1-9aaa-41d56d7f1fda,Jameson,Taillon,Cubs,SP,R,0.326271186440678,0.0,0.3333333333333333,0.2,0.4957627118644068,0.0,1.3333333333333333,0.5,0.6949152542372882,0.3050847457627119,88.42569002123142,0.5063559322033898,0.4936440677966102,463.0
234,dec510da-0104-48f0-892f-37a9ab9d02ff,Kyle,Hendricks,Cubs,SP,R,0.2818627450980392,0.0,0.0,0.3,0.4142156862745098,0.0,0.0,0.4,0.5833333333333334,0.4166666666666667,84.36633906633907,0.1740196078431372,0.8259803921568627,403.0
235,1c6ebbc7-2df6-432f-960d-0e7162f3dd6d,Todd,Smyly,Cubs,SP,L,0.3339449541284404,0.0,0.6666666666666666,0.5,0.5376146788990825,0.0,1.6666666666666667,0.9,0.6513761467889908,0.3486238532110092,85.0954044117647,0.0807339449541284,0.9192660550458716,535.0
236,564bb787-e788-4acf-9dab-1da0e14578e0,Javier,Assad,Cubs,RP,R,0.3016949152542373,0.0,0.6666666666666666,0.3,0.447457627118644,0.0,2.6666666666666665,0.9,0.6949152542372882,0.3050847457627119,89.92380952380952,0.5694915254237288,0.4305084745762711,289.0
237,3f24039c-5b79-4724-9db7-31609917c462,Mark,Leiter Jr.,Cubs,RP,R,0.2614678899082568,1.0,0.6666666666666666,0.3,0.3669724770642202,1.0,0.6666666666666666,0.4,0.6009174311926605,0.3990825688073394,87.52764976958525,0.1697247706422018,0.8302752293577982,217.0
238,2ddc3b5f-b9d0-4d0b-a7cb-0bfe7ec9c20e,Julian,Merryweather,Cubs,RP,R,0.3208333333333333,0.0,0.0,0.4,0.4125,0.0,0.0,0.7,0.6583333333333333,0.3416666666666667,92.1673640167364,0.8833333333333333,0.1166666666666666,235.0
239,ec504c95-8a64-46ad-91ae-850c6e7350db,Michael,Fulmer,Cubs,RP,R,0.329004329004329,1.0,0.6666666666666666,0.5,0.4891774891774891,2.0,1.0,0.7,0.6277056277056277,0.3722943722943723,90.18130434782609,0.4848484848484848,0.5151515151515151,227.0
240,e338c359-f475-41d6-82e6-7d1db71289cb,Jose,Cuas,Cubs,RP,R,0.3809523809523809,1.0,0.6666666666666666,0.5,0.5064935064935064,1.0,0.6666666666666666,0.5,0.5670995670995671,0.4329004329004329,89.12695652173913,0.4891774891774891,0.5108225108225108,228.0
241,359d6c91-4911-4870-9b4a-f4ff9172b82e,Daniel,Palencia,Cubs,RP,R,0.3148148148148148,0.0,0.0,0.2,0.5,0.0,0.0,0.5,0.6481481481481481,0.3518518518518518,96.35849056603772,0.9629629629629628,0.037037037037037,53.0
242,70da19cd-4226-43da-a667-e604ee2dc0b5,Michael,Rucker,Cubs,RP,R,0.3450292397660818,0.0,0.0,0.3,0.5029239766081871,0.0,0.0,0.6,0.672514619883041,0.327485380116959,91.09117647058824,0.9005847953216374,0.0994152046783625,168.0
243,07e64bda-3dd4-4634-84ff-1a2693ea6c76,Hayden,Wesneski,Cubs,RP,R,0.2950819672131147,0.0,0.3333333333333333,0.2,0.5049180327868853,0.0,0.3333333333333333,0.4,0.6721311475409836,0.3278688524590163,88.90098684210527,0.4131147540983607,0.5868852459016394,300.0
244,e2081019-8ef0-471d-b6d6-1333a8a45897,Kyle,Freeland,Rockies,SP,L,0.3404634581105169,0.0,0.3333333333333333,0.4,0.5258467023172906,0.0,0.3333333333333333,0.5,0.7040998217468806,0.2959001782531194,85.65839285714286,0.3832442067736185,0.6167557932263814,541.0
245,f27bbbb3-40ab-4ade-b6ec-355b9499da40,Austin,Gomber,Rockies,SP,L,0.3470483005366726,1.0,1.0,0.4,0.5366726296958855,1.0,1.0,0.4,0.7262969588550984,0.2737030411449016,85.80752688172042,0.6118067978533095,0.3881932021466905,552.0
246,fae16ac1-d99d-4626-83c2-0a8e89545a2b,Christoper,Flexen,Rockies,RP,R,0.389776357827476,0.0,0.0,0.2,0.6070287539936102,0.0,0.0,0.2,0.6773162939297125,0.3226837060702875,87.73108974358973,0.8210862619808307,0.1789137380191693,305.0
247,5fac7e47-21bc-414e-a696-a1bc961333b0,Peter,Lambert,Rockies,SP,R,0.3309608540925267,0.0,0.0,0.1,0.5516014234875445,0.0,0.0,0.1,0.6725978647686833,0.3274021352313167,89.31642857142856,0.5907473309608541,0.4092526690391459,278.0
248,ca9e5330-a6cc-4b9e-a40e-6c8b672edb81,Tyson,Blach,Rockies,SP,L,0.358695652173913,0.0,0.3333333333333333,0.5,0.4891304347826087,0.0,0.3333333333333333,0.5,0.7119565217391305,0.2880434782608695,86.66338797814207,0.1413043478260869,0.8586956521739131,178.0
249,21595f39-abdb-4acc-80a7-56da680691e9,Karl,Kauffmann,Rockies,SP,R,0.4117647058823529,0.0,0.3333333333333333,0.4,0.5686274509803921,0.0,0.3333333333333333,0.5,0.6568627450980392,0.3431372549019608,88.890099009901,0.4411764705882353,0.5588235294117647,99.0
250,e26ad1fe-6f72-4747-be95-5dce2271eaa7,Brent,Suter,Rockies,RP,L,0.282051282051282,0.0,0.6666666666666666,0.4,0.3461538461538461,0.0,0.6666666666666666,0.4,0.6410256410256411,0.358974358974359,83.38154506437769,0.4102564102564102,0.5897435897435898,232.0
251,b3af5f28-6809-49b7-9ea2-693b19cf13d1,Jacob,Bird,Rockies,RP,R,0.3396825396825397,1.0,0.3333333333333333,0.3,0.4444444444444444,2.0,0.6666666666666666,0.5,0.7238095238095238,0.2761904761904762,90.68216560509556,0.1714285714285714,0.8285714285714286,307.0
252,10677fbd-6f12-4f65-bd28-34ece6d885e2,Daniel,Bard,Rockies,RP,R,0.3834196891191709,1.0,1.0,0.7,0.5077720207253886,4.0,2.333333333333333,1.1,0.616580310880829,0.3834196891191709,90.77916666666664,0.6269430051813472,0.3730569948186528,192.0
253,726fbad1-82d5-480f-9c9c-0bc7c73fd1e0,Matthew,Koch,Rockies,RP,R,0.2421052631578947,0.0,0.6666666666666666,0.7,0.3684210526315789,0.0,1.0,1.1,0.7789473684210526,0.2210526315789473,91.64468085106384,1.0,0.0,94.0
254,05e0440a-dc29-4ad3-8e2c-fbfd884d0979,Justin,Bruihl,Rockies,RP,L,0.3389830508474576,1.0,0.3333333333333333,0.2,0.4661016949152542,2.0,0.6666666666666666,0.3,0.6610169491525424,0.3389830508474576,85.40769230769232,0.6610169491525424,0.3389830508474576,117.0
255,617d9e4b-eedb-484b-a47c-84758e8509b4,Thomas,Doyle,Rockies,RP,R,0.2545454545454545,0.0,0.0,0.1,0.3454545454545454,0.0,0.0,0.1,0.6909090909090909,0.3090909090909091,93.45925925925928,0.9454545454545454,0.0545454545454545,54.0
256,cc672f14-6c84-4dde-8beb-90664d467843,Yu,Darvish,Padres,SP,R,0.3189189189189189,1.0,0.6666666666666666,0.5,0.463063063063063,1.0,0.6666666666666666,0.5,0.7009009009009008,0.2990990990990991,88.24115523465704,0.4162162162162162,0.5837837837837838,551.0
257,1a191c8a-25d8-4c89-8f54-5817cc666a64,Blake,Snell,Padres,SP,L,0.3069139966273187,0.0,0.0,0.2,0.4148397976391231,0.0,0.0,0.2,0.5362563237774031,0.463743676222597,90.36942567567569,0.6188870151770658,0.3811129848229342,567.0
258,db6ced3d-7838-4a7c-92a5-50d0b63dac3b,Michael,Wacha,Padres,SP,R,0.2734375,1.0,0.3333333333333333,0.4,0.40625,4.0,1.3333333333333333,0.7,0.6666666666666666,0.3333333333333333,86.60443864229765,0.4375,0.5625,380.0
259,0600588b-39b2-49eb-9e77-208f8fdaca9b,Jacob,Lugo,Padres,SP,R,0.3093023255813953,0.0,0.3333333333333333,0.4,0.4651162790697674,0.0,0.6666666666666666,0.5,0.7232558139534884,0.2767441860465116,88.4979020979021,0.4023255813953488,0.5976744186046512,420.0
260,d9936d13-479d-43e0-a845-c74e17046622,Richard,Hill,Padres,SP,L,0.3373913043478261,0.0,0.3333333333333333,0.3,0.5113043478260869,0.0,1.3333333333333333,0.9,0.6991304347826087,0.3008695652173913,79.18675958188153,0.4521739130434782,0.5478260869565217,561.0
261,1c172560-1d12-4223-ae7d-a31122a531e1,Robert,Suarez,Padres,RP,R,0.2,1.0,0.3333333333333333,0.2,0.28,1.0,0.3333333333333333,0.2,0.66,0.34,96.93061224489796,0.4,0.6,49.0
262,a8a00e47-833d-41d0-9265-641b9243b21d,Steven,Wilson,Padres,RP,R,0.2890995260663507,0.0,0.0,0.4,0.4360189573459715,0.0,0.0,0.5,0.6303317535545023,0.3696682464454976,86.00952380952381,0.3459715639810427,0.6540284360189573,209.0
263,b7b19f8d-e715-4b66-ab11-428544faf023,Scott,Barlow,Padres,RP,R,0.3392857142857143,0.0,0.3333333333333333,0.3,0.4375,0.0,0.3333333333333333,0.3,0.6160714285714286,0.3839285714285714,84.83183856502242,0.6116071428571429,0.3883928571428571,222.0
264,3fb2dc02-5694-44a6-9f00-4a064e23ecb2,Thomas,Cosgrove,Padres,RP,L,0.2758620689655172,0.0,0.0,0.3,0.3310344827586207,0.0,0.0,0.3,0.6344827586206897,0.3655172413793103,83.24722222222222,0.7931034482758621,0.2068965517241379,143.0
265,3e7022c3-b58b-4a6c-9606-963d8f3f50e3,Luis,García,Padres,RP,R,0.3284313725490196,0.0,0.0,0.1,0.4362745098039216,0.0,0.0,0.1,0.6519607843137255,0.3480392156862745,92.63251231527094,0.4264705882352941,0.5735294117647058,203.0
266,36818090-03bc-44dc-b0f7-4fb0f4182bb1,Nicholas,Martinez,Padres,RP,R,0.3083109919571045,1.0,0.6666666666666666,0.4,0.4262734584450402,1.0,0.6666666666666666,0.7,0.5817694369973191,0.4182305630026809,87.17123655913979,0.3083109919571045,0.6916890080428955,370.0
267,0d4b4a6e-7b39-41b5-8f8e-843b7dea0857,Pedro,Avila,Padres,RP,R,0.2989690721649484,1.0,0.6666666666666666,0.3,0.4020618556701031,2.0,1.3333333333333333,0.5,0.6082474226804123,0.3917525773195876,88.71458333333334,0.2989690721649484,0.7010309278350515,93.0
268,532d4a28-6fd6-4f5e-9054-69203c78de4b,Michael,Lynn,Dodgers,SP,R,0.3192868719611021,0.0,0.0,0.2,0.5089141004862237,0.0,0.0,0.2,0.6547811993517018,0.3452188006482982,89.33831168831169,0.6969205834683955,0.3030794165316045,605.0
269,7981804b-af38-415b-8c97-1055d54db6be,Julio,Urías,Dodgers,SP,L,0.2830626450116009,1.0,0.3333333333333333,0.2,0.4663573085846867,2.0,0.6666666666666666,0.3,0.6774941995359629,0.3225058004640371,87.8013953488372,0.5591647331786543,0.4408352668213457,400.0
270,d3351c6e-12cf-4ab5-b651-ad23d49c4245,Clayton,Kershaw,Dodgers,SP,L,0.2644230769230769,0.0,0.0,0.3,0.4038461538461538,0.0,0.0,0.5,0.6947115384615384,0.3052884615384615,86.4110843373494,0.8149038461538461,0.1850961538461538,403.0
271,57ba104f-27dc-45fa-8532-d7b8b2909acf,Robert,Miller,Dodgers,SP,R,0.2928994082840236,1.0,0.3333333333333333,0.2,0.4171597633136095,1.0,0.3333333333333333,0.2,0.6775147928994083,0.3224852071005917,93.2973293768546,0.4822485207100592,0.5177514792899408,335.0
272,dae38ebc-f1dc-4b47-a8b6-9bee0fc2a2dd,Ryan,Yarbrough,Dodgers,SP,L,0.2845849802371542,0.0,0.0,0.0,0.3952569169960474,0.0,0.0,0.0,0.6403162055335968,0.3596837944664031,80.73809523809524,0.233201581027668,0.766798418972332,247.0
273,43862b88-c119-4625-b138-f3c5ea1b8b06,Brusdar,Graterol,Dodgers,RP,R,0.2850241545893719,1.0,0.3333333333333333,0.3,0.3719806763285024,1.0,0.3333333333333333,0.3,0.7294685990338164,0.2705314009661835,96.14271844660196,0.5217391304347826,0.4782608695652174,205.0
274,d5c0ed32-abeb-4907-8bbf-5e96ef35592b,Caleb,Ferguson,Dodgers,RP,L,0.3571428571428571,1.0,1.0,0.5,0.419047619047619,4.0,2.0,0.8,0.6095238095238096,0.3904761904761905,93.2976076555024,0.9857142857142858,0.0142857142857142,206.0
275,6426ad53-44d1-4ae9-b14c-b068106f5949,Ryan,Brasier,Dodgers,RP,R,0.2802197802197802,0.0,0.3333333333333333,0.1,0.3791208791208791,0.0,0.3333333333333333,0.1,0.6978021978021978,0.3021978021978022,91.39116022099446,0.8296703296703297,0.1703296703296703,176.0
276,bea7d9db-323c-4a8b-bbe9-0581df94536b,Alexander,Vesia,Dodgers,RP,L,0.3461538461538461,0.0,0.0,0.1,0.4871794871794871,0.0,0.0,0.1,0.6987179487179487,0.3012820512820512,92.88,0.9935897435897436,0.0064102564102564,151.0
277,e23c15a9-89e8-4436-b9c0-6b6c0a5d3fb5,Victor,González,Dodgers,RP,L,0.3027522935779816,0.0,0.0,0.1,0.4128440366972477,0.0,0.0,0.1,0.6513761467889908,0.3486238532110092,91.98055555555555,0.3486238532110092,0.6513761467889908,108.0
278,708dc84f-d81e-4283-945b-88a06e613d5e,Gus,Varland,Dodgers,RP,R,0.4307692307692308,1.0,0.6666666666666666,0.3,0.6307692307692307,1.0,1.3333333333333333,0.5,0.7076923076923077,0.2923076923076923,94.0328125,0.9076923076923076,0.0923076923076923,60.0
279,b60e970e-aef6-4e74-97c9-b308c6aeca87,Bryan,Hudson,Dodgers,RP,L,0.4117647058823529,1.0,0.6666666666666666,0.6,0.5294117647058824,1.0,0.6666666666666666,0.9,0.8235294117647058,0.1764705882352941,94.3878787878788,1.0,0.0,33.0
280,72248e3e-3b0f-4523-9ff6-833aa33f3b32,Logan,Webb,Giants,SP,R,0.28101644245142,0.0,0.6666666666666666,0.4,0.4110612855007474,0.0,0.6666666666666666,0.8,0.6696562032884903,0.3303437967115097,88.85359281437125,0.1943198804185351,0.8056801195814649,641.0
281,d2c5e643-fe5d-4ece-8f1e-560d6b2048ed,Alexander,Cobb,Giants,SP,R,0.3321234119782214,1.0,0.6666666666666666,0.3,0.4718693284936479,1.0,0.6666666666666666,0.4,0.6515426497277677,0.3484573502722323,91.27327272727273,0.0453720508166969,0.9546279491833032,548.0
282,956280da-4ce3-41db-8830-e04ef52bb0f2,Robert,Wood,Giants,SP,L,0.3518518518518518,0.0,0.3333333333333333,0.5,0.5061728395061729,0.0,0.3333333333333333,0.5,0.6666666666666666,0.3333333333333333,87.11207430340558,0.3117283950617284,0.6882716049382716,319.0
283,f578d526-6d2e-4590-9665-ed42c72c883f,Sean,Manaea,Giants,RP,L,0.3184357541899441,0.0,0.3333333333333333,0.4,0.4748603351955307,0.0,1.3333333333333333,1.0,0.6983240223463687,0.3016759776536313,89.84985994397759,0.8072625698324022,0.1927374301675977,357.0
284,12798db1-6631-44ba-a2c6-9941f0b4c77e,Kyle,Harrison,Giants,SP,L,0.4375,0.0,0.3333333333333333,0.4,0.75,0.0,0.3333333333333333,0.5,0.6875,0.3125,98.57333333333332,0.8125,0.1875,15.0
285,d62161c0-7148-4a67-94da-b284eb458293,Tyler,Rogers,Giants,RP,R,0.2633744855967078,0.0,0.3333333333333333,0.3,0.3744855967078189,0.0,0.3333333333333333,0.6,0.6666666666666666,0.3333333333333333,77.8611570247934,0.5473251028806584,0.4526748971193415,240.0
286,cf42953d-893f-4191-aab5-c1a94636efc8,Taylor,Rogers,Giants,RP,L,0.2764705882352941,0.0,0.6666666666666666,0.5,0.388235294117647,0.0,0.6666666666666666,0.7,0.6882352941176471,0.3117647058823529,84.95384615384616,0.0823529411764705,0.9176470588235294,168.0
287,042c8b24-768e-4c51-9dc3-b7d441a7165c,Scott,Alexander,Giants,RP,L,0.2955974842767295,1.0,0.6666666666666666,0.3,0.3647798742138364,1.0,0.6666666666666666,0.3,0.7547169811320755,0.2452830188679245,91.7759493670886,0.1194968553459119,0.8805031446540881,156.0
288,1d8f74e9-5ca5-4407-9ef8-8512d00f2860,Luke,Jackson,Giants,RP,R,0.2696629213483146,0.0,0.3333333333333333,0.3,0.3707865168539326,0.0,0.3333333333333333,0.3,0.6629213483146067,0.3370786516853932,90.0125,0.9550561797752808,0.0449438202247191,87.0
289,919d18a0-cd70-43c9-81f2-b96bf9e66a17,Jakob,Junis,Giants,RP,R,0.3233333333333333,0.0,0.0,0.1,0.5066666666666667,0.0,0.0,0.1,0.64,0.36,87.47424749163879,0.6633333333333333,0.3366666666666666,298.0
290,dce67aa3-b64d-4a49-b9f3-dd5bac19ebf8,Ryan,Walker,Giants,RP,R,0.3015873015873015,0.0,0.0,0.3,0.4285714285714285,0.0,0.0,0.3,0.6243386243386243,0.3756613756613756,89.03297872340426,0.5555555555555556,0.4444444444444444,187.0
291,0cd3ad75-4c79-4b7f-b5ec-6f6afc74167c,Tristan,Beck,Giants,RP,R,0.2825278810408922,0.0,0.0,0.2,0.3903345724907063,0.0,0.0,0.2,0.6988847583643123,0.3011152416356877,88.25373134328358,0.6914498141263941,0.3085501858736059,265.0
292,e488a3a6-4673-4e5d-befe-6d5ab57b0b8e,Zachary,Gallen,Diamondbacks,SP,R,0.2732732732732733,1.0,0.6666666666666666,0.3,0.4024024024024024,1.0,1.6666666666666667,0.7,0.6561561561561562,0.3438438438438438,89.52992481203007,0.6051051051051051,0.3948948948948949,637.0
293,871f04aa-367c-48fb-8ae5-a5bd9e27cb8b,Kenneth,Kelly,Diamondbacks,SP,R,0.2979127134724857,0.0,0.3333333333333333,0.3,0.4421252371916508,0.0,0.3333333333333333,0.4,0.6072106261859582,0.3927893738140417,90.24410646387832,0.4667931688804554,0.5332068311195446,522.0
294,5f6e12b8-1a4b-4b56-ab3b-1b349c0cd614,Brandon,Pfaadt,Diamondbacks,SP,R,0.332089552238806,0.0,0.6666666666666666,0.3,0.5597014925373134,0.0,1.0,0.4,0.7126865671641791,0.2873134328358209,89.23670411985019,0.5,0.5,267.0
295,dbdd2193-a5ad-474a-afdd-5f9fd308a09e,Slade,Cecconi,Diamondbacks,SP,R,0.2903225806451613,0.0,0.3333333333333333,0.1,0.4677419354838709,0.0,1.3333333333333333,0.4,0.7096774193548387,0.2903225806451613,90.1065573770492,0.8709677419354839,0.1290322580645161,61.0
296,965b3981-3ecf-402e-a338-6dde330b445c,Bryce,Jarvis,Diamondbacks,SP,R,0.217391304347826,0.0,0.0,0.3,0.3478260869565217,0.0,0.0,0.6,0.6956521739130435,0.3043478260869565,93.97727272727272,0.9130434782608696,0.0869565217391304,22.0
297,712e68e8-096a-48e0-9079-b52c02661829,Scott,McGough,Diamondbacks,RP,R,0.2857142857142857,0.0,0.0,0.2,0.4404761904761904,0.0,0.0,0.2,0.6626984126984127,0.3373015873015873,89.63585657370517,0.5079365079365079,0.492063492063492,243.0
298,016e7b25-5855-447a-aa10-10372bcc1fa3,Kevin,Ginkel,Diamondbacks,RP,R,0.2487562189054726,1.0,0.3333333333333333,0.3,0.3482587064676617,1.0,0.3333333333333333,0.7,0.6218905472636815,0.3781094527363184,91.547,0.9353233830845772,0.0646766169154228,197.0
299,a8b37789-7620-414c-a5a4-c0eac1bb76a0,Miguel,Castro,Diamondbacks,RP,R,0.277511961722488,0.0,0.0,0.5,0.4258373205741627,0.0,0.0,1.1,0.6507177033492823,0.3492822966507177,90.77211538461538,0.430622009569378,0.569377990430622,207.0
300,022f2098-d823-4bc8-be86-0073c5c6c884,Kyle,Nelson,Diamondbacks,RP,L,0.2953367875647668,1.0,1.0,0.3,0.4507772020725388,1.0,1.0,0.3,0.6580310880829016,0.3419689119170984,88.73385416666667,1.0,0.0,189.0
301,225568a7-e1a6-41a0-9ae0-6361d63449dc,Joseph,Mantiply,Diamondbacks,RP,L,0.2857142857142857,0.0,0.3333333333333333,0.4,0.5274725274725275,0.0,0.3333333333333333,0.4,0.6263736263736264,0.3736263736263736,86.43555555555555,0.0329670329670329,0.967032967032967,88.0
302,049f14e2-3e08-4485-8019-a3891d30501b,Justin,Martinez,Diamondbacks,RP,R,0.4418604651162791,1.0,0.6666666666666666,0.4,0.5581395348837209,2.0,1.0,0.5,0.5581395348837209,0.4418604651162791,99.29761904761904,0.7674418604651163,0.2325581395348837,42.0
303,9134ddd1-00cf-4400-8499-bb5116278374,Nabil,Crismatt,Diamondbacks,RP,R,0.4464285714285714,0.0,0.6666666666666666,0.5,0.6428571428571429,0.0,0.6666666666666666,0.8,0.5,0.5,84.56727272727272,0.3392857142857143,0.6607142857142857,48.0
304,ded1b30d-52ca-4eec-bce6-251b15b085ac,Aaron,Nola,Phillies,SP,R,0.2837423312883436,1.0,0.3333333333333333,0.2,0.4647239263803681,1.0,0.3333333333333333,0.2,0.6426380368098159,0.357361963190184,86.89708141321044,0.3358895705521472,0.6641104294478528,628.0
305,f2c07e82-71e8-4c76-962b-3a7739a11626,Zachary,Wheeler,Phillies,SP,R,0.2804487179487179,0.0,0.0,0.2,0.4022435897435897,0.0,0.0,0.2,0.6794871794871795,0.3205128205128205,91.969341894061,0.5592948717948718,0.4407051282051282,616.0
306,515af486-d938-4cb6-90e4-943323a5737c,Taijuan,Walker,Phillies,SP,R,0.3146853146853147,1.0,1.0,0.3,0.4562937062937063,2.0,1.6666666666666667,0.5,0.6311188811188811,0.3688811188811189,89.28739054290718,0.2937062937062937,0.7062937062937062,561.0
307,4150b3f7-beb3-4fbc-a947-933d45d20bfe,Michael,Lorenzen,Phillies,SP,R,0.2774451097804391,1.0,1.0,0.5,0.3992015968063872,1.0,1.0,0.5,0.688622754491018,0.311377245508982,89.0424,0.5548902195608783,0.4451097804391217,494.0
308,224f1f61-6abd-4662-8887-bd812df4357b,Cristopher,Sánchez,Phillies,SP,L,0.26953125,1.0,0.6666666666666666,0.3,0.4453125,1.0,0.6666666666666666,0.4,0.69921875,0.30078125,87.04039215686274,0.18359375,0.81640625,253.0
309,1b02041b-941f-46af-a52e-79072e0e2a33,Seranthony,Domínguez,Phillies,RP,R,0.3668639053254438,0.0,0.3333333333333333,0.4,0.4615384615384615,0.0,0.3333333333333333,0.4,0.6153846153846154,0.3846153846153846,96.23392857142856,0.6153846153846154,0.3846153846153846,165.0
310,6f454eeb-59bc-407d-b8ff-95f547bcb57c,Gregory,Soto,Phillies,RP,L,0.2985074626865671,0.0,0.3333333333333333,0.3,0.3930348258706467,0.0,0.6666666666666666,0.4,0.6865671641791045,0.3134328358208955,95.0085,0.572139303482587,0.4278606965174129,199.0
311,d2b49c9d-1c9f-44b4-b9b9-c4222dc0c089,Jeffrey,Hoffman,Phillies,RP,R,0.25,0.0,0.3333333333333333,0.2,0.3648648648648648,0.0,0.6666666666666666,0.3,0.6824324324324325,0.3175675675675675,92.41700680272108,0.7432432432432432,0.2567567567567567,147.0
312,35a8a1b4-88fe-41a7-becb-6fbf97db70f0,Matthew,Strahm,Phillies,RP,L,0.2593856655290102,0.0,0.0,0.1,0.4163822525597269,0.0,0.0,0.1,0.6996587030716723,0.3003412969283277,90.30616438356164,0.7952218430034129,0.204778156996587,289.0
313,13b09db2-4de1-4452-b533-874d4f595121,Dylan,Covey,Phillies,RP,R,0.3714285714285714,1.0,1.0,0.6,0.5214285714285715,1.0,1.0,0.6,0.65,0.35,92.9913669064748,0.4785714285714286,0.5214285714285715,138.0
314,163d5f8f-78a7-456d-9809-74606c475a7f,José,Alvarado,Phillies,RP,L,0.2727272727272727,1.0,0.3333333333333333,0.3,0.3818181818181818,1.0,0.3333333333333333,0.3,0.6272727272727273,0.3727272727272727,97.77064220183486,0.4090909090909091,0.5909090909090909,108.0
315,10c4be6a-33d6-4166-8e87-eef83a378b92,Andrew,Bellatti,Phillies,RP,R,0.3157894736842105,0.0,0.0,0.2,0.4736842105263157,0.0,0.0,0.3,0.5,0.5,90.56,0.9736842105263158,0.0263157894736842,73.0
316,06180a69-fef8-44cc-bcea-cf581d7f9dc9,Kodai,Senga,Mets,SP,R,0.3029197080291971,0.0,0.0,0.1,0.4014598540145985,0.0,0.0,0.1,0.5967153284671532,0.4032846715328467,89.9526508226691,0.6697080291970803,0.3302919708029197,540.0
317,683ac24d-7777-478b-8417-d0eb3cb04e83,Carlos,Carrasco,Mets,SP,R,0.3753086419753086,1.0,0.6666666666666666,0.5,0.5580246913580247,2.0,1.0,0.6,0.6197530864197531,0.3802469135802469,88.36559405940594,0.4864197530864197,0.5135802469135803,404.0
318,b1e3b804-0022-40bc-8f53-8c82ee4eb1b9,José,Quintana,Mets,SP,L,0.304054054054054,1.0,0.6666666666666666,0.3,0.3716216216216216,1.0,1.6666666666666667,0.6,0.581081081081081,0.4189189189189189,86.07755102040817,0.2229729729729729,0.777027027027027,147.0
319,42e026c7-10b1-4b2f-881f-472f6e9908cf,David,Peterson,Mets,SP,L,0.3793103448275862,0.0,0.0,0.3,0.5488505747126436,0.0,0.0,0.6,0.632183908045977,0.367816091954023,88.14178674351585,0.4942528735632184,0.5057471264367817,330.0
320,75147a4e-9c8c-4f58-8b38-a4d2847ff108,Tylor,Megill,Mets,SP,R,0.3806146572104019,0.0,0.6666666666666666,0.4,0.5295508274231678,0.0,1.6666666666666667,0.7,0.6666666666666666,0.3333333333333333,90.13009478672986,0.7423167848699763,0.2576832151300236,414.0
321,d940d087-acf8-4776-bc26-3807a3a72e9d,Andrew,Smith,Mets,RP,R,0.3333333333333333,0.0,0.3333333333333333,0.3,0.492063492063492,0.0,0.6666666666666666,0.5,0.6243386243386243,0.3756613756613756,91.00212765957448,0.8306878306878307,0.1693121693121693,183.0
322,a1989569-fdf0-4ff6-b9f7-a9e141ab0251,Trevor,Gott,Mets,RP,R,0.3382352941176471,0.0,0.6666666666666666,0.6,0.4411764705882353,0.0,1.0,0.7,0.6617647058823529,0.3382352941176471,91.43448275862067,0.5833333333333334,0.4166666666666667,198.0
323,dbab5d91-1ae7-4f80-a7c9-54cfd5318fb2,Samuel,Coonrod,Mets,RP,R,0.1666666666666666,0.0,0.0,0.1,0.1666666666666666,0.0,0.0,0.1,0.75,0.25,100.77272727272728,0.4166666666666667,0.5833333333333334,10.0
324,02ede66e-feee-42d1-a094-4fad710f789b,Phillip,Bickford,Mets,RP,R,0.3362068965517241,1.0,0.3333333333333333,0.4,0.4913793103448275,1.0,0.3333333333333333,0.4,0.6379310344827587,0.3620689655172414,90.75584415584414,1.0,0.0,224.0
325,bf1ec084-7d7b-4ef3-804b-722a53dbec4f,Adam,Kolarek,Mets,RP,L,0.2,1.0,0.3333333333333333,0.2,0.2,1.0,0.3333333333333333,0.2,0.4666666666666667,0.5333333333333333,92.00714285714284,0.2666666666666666,0.7333333333333333,14.0
326,f378ead3-b390-4129-a8a6-f3e9a4747a24,Reed,Garrett,Mets,RP,R,0.3833333333333333,0.0,0.0,0.1,0.6,0.0,0.0,0.1,0.6833333333333333,0.3166666666666666,92.80338983050846,0.65,0.35,59.0
327,ff772241-8fdd-488c-a81e-49b44ce600fc,Charles,Morton,Braves,SP,R,0.3378607809847199,0.0,0.3333333333333333,0.3,0.4533106960950764,0.0,0.3333333333333333,0.3,0.597623089983022,0.4023769100169779,88.34625850340136,0.3870967741935484,0.6129032258064516,588.0
328,a68025fc-a0b7-4900-8339-cb4c139e6d57,Spencer,Strider,Braves,SP,R,0.2779661016949152,0.0,0.3333333333333333,0.1,0.4135593220338983,0.0,0.3333333333333333,0.1,0.6220338983050847,0.3779661016949152,92.6811544991511,0.9355932203389832,0.0644067796610169,570.0
329,1e6d6727-0aec-48da-b880-d38a8178c5db,Max,Fried,Braves,SP,L,0.2984293193717277,1.0,0.3333333333333333,0.2,0.3926701570680628,1.0,0.3333333333333333,0.2,0.6492146596858639,0.3507853403141361,89.15421052631578,0.4869109947643979,0.5130890052356021,181.0
330,8a4de81f-a497-40e4-ba42-39b4c1fbbdd3,Bryce,Elder,Braves,SP,R,0.303236797274276,1.0,0.3333333333333333,0.3,0.4190800681431005,2.0,0.6666666666666666,0.4,0.65587734241908,0.3441226575809199,86.90921501706485,0.4752981260647359,0.524701873935264,580.0
331,57f8351b-3fbc-402f-a6c7-9a6a37f03f8e,Jared,Shuster,Braves,SP,L,0.3367875647668393,0.0,0.3333333333333333,0.5,0.4611398963730569,0.0,0.3333333333333333,1.1,0.6735751295336787,0.3264248704663212,87.52239583333333,0.7512953367875648,0.2487046632124352,182.0
332,e1cbb2df-986d-4fab-bf1e-7192c54bdae9,Alex,Minter,Braves,RP,L,0.2828282828282828,1.0,0.3333333333333333,0.3,0.404040404040404,1.0,0.3333333333333333,0.3,0.6666666666666666,0.3333333333333333,92.07309644670052,0.8383838383838383,0.1616161616161616,191.0
333,49812b41-643c-4356-b6eb-ffd29df4f653,Joe,Jiménez,Braves,RP,R,0.2765957446808511,0.0,0.0,0.4,0.4148936170212766,0.0,0.0,0.6,0.7127659574468085,0.2872340425531915,91.51016042780748,0.9414893617021276,0.0585106382978723,182.0
334,9ef1bea8-21b4-4ba9-81d3-84ebfcf63582,Pierce,Johnson,Braves,RP,R,0.3620689655172414,1.0,0.3333333333333333,0.3,0.521551724137931,4.0,1.3333333333333333,0.6,0.603448275862069,0.396551724137931,89.38658008658008,0.3577586206896552,0.6422413793103449,226.0
335,fe45e33b-f554-4856-af56-1f4f578eaa82,Kirby,Yates,Braves,RP,R,0.3004926108374384,0.0,0.3333333333333333,0.4,0.4236453201970443,0.0,0.3333333333333333,0.4,0.5714285714285714,0.4285714285714285,90.39059405940594,0.5369458128078818,0.4630541871921182,197.0
336,72e92087-7bd4-4266-aac9-4df87bd84722,Collin,McHugh,Braves,RP,R,0.3443983402489626,0.0,0.3333333333333333,0.3,0.4273858921161825,0.0,0.3333333333333333,0.3,0.6556016597510373,0.3443983402489626,84.44458333333334,0.4481327800829875,0.5518672199170125,234.0
337,ae850521-e9cb-4314-b66c-f6dd070556d7,Bradley,Hand,Braves,RP,L,0.3439153439153439,1.0,0.6666666666666666,0.4,0.5079365079365079,4.0,1.6666666666666667,0.7,0.6402116402116402,0.3597883597883597,87.53510638297871,0.6984126984126984,0.3015873015873015,184.0
338,4f62487c-f2eb-4b1d-9296-6fd5d0342fb3,Michael,Tonkin,Braves,RP,R,0.2570281124497992,0.0,0.3333333333333333,0.2,0.3815261044176707,0.0,0.3333333333333333,0.2,0.6987951807228916,0.3012048192771084,90.0383064516129,0.3534136546184739,0.6465863453815262,245.0
339,0764772b-e8ab-42b3-9ee4-2b61af785e75,Patrick,Corbin,Nationals,SP,L,0.3349593495934959,0.0,0.0,0.1,0.4975609756097561,0.0,0.0,0.1,0.7024390243902439,0.2975609756097561,88.32947882736157,0.4471544715447154,0.5528455284552846,597.0
340,58ed579a-6d32-4fbf-80d0-bcfc5a5e5c18,Josiah,Gray,Nationals,SP,R,0.3406040268456375,0.0,0.0,0.3,0.4765100671140939,0.0,0.0,0.3,0.6057046979865772,0.3942953020134228,88.08084033613446,0.6308724832214765,0.3691275167785235,583.0
341,6e4f47b4-6461-42c4-bb1a-5658b0649dfb,MacKenzie,Gore,Nationals,SP,L,0.325,0.0,0.3333333333333333,0.2,0.4846153846153846,0.0,0.3333333333333333,0.2,0.6326923076923077,0.3673076923076923,91.26647398843932,0.7576923076923077,0.2423076923076923,515.0
342,3382334c-e14c-48de-b248-273d6e6e003b,Joan,Adon,Nationals,SP,R,0.2702702702702703,1.0,1.0,0.7,0.4864864864864865,4.0,2.333333333333333,1.3,0.7297297297297297,0.2702702702702703,90.5219178082192,0.4189189189189189,0.581081081081081,72.0
343,e40d5150-268a-4af2-99cc-dae6e3e1a016,Trevor,Williams,Nationals,SP,R,0.3387978142076502,1.0,0.3333333333333333,0.2,0.5500910746812386,2.0,0.6666666666666666,0.3,0.6812386156648452,0.3187613843351548,86.91496350364963,0.639344262295082,0.360655737704918,540.0
344,53994f14-378a-4570-be06-e8ef68255c32,Jacob,Irvin,Nationals,SP,R,0.3356973995271867,1.0,0.3333333333333333,0.4,0.4893617021276595,1.0,0.3333333333333333,0.4,0.6879432624113475,0.3120567375886525,90.09123222748816,0.3333333333333333,0.6666666666666666,419.0
345,0daadfb1-9f92-4ecf-87c4-bbfc0a232e6c,Hunter,Harvey,Nationals,RP,R,0.24,0.0,0.0,0.1,0.3542857142857142,0.0,0.0,0.1,0.6857142857142857,0.3142857142857143,95.57988505747127,0.76,0.24,169.0
346,43eb93d2-4638-49d3-9bae-0c6f71157bbb,Jordan,Weems,Nationals,RP,R,0.2625,0.0,0.0,0.3,0.4125,0.0,0.0,0.6,0.64375,0.35625,91.75345911949684,0.91875,0.08125,158.0
347,af2b5968-b8ea-4234-9b6d-e484b1d598ac,Andrés,Machado,Nationals,RP,R,0.3445378151260504,1.0,0.6666666666666666,0.4,0.6470588235294118,4.0,1.6666666666666667,0.8,0.7394957983193278,0.2605042016806723,95.16525423728814,0.4033613445378151,0.5966386554621849,118.0
348,916b57c6-d2eb-47f9-92a6-779c0fb339ec,Mason,Thompson,Nationals,RP,R,0.3459715639810427,1.0,0.3333333333333333,0.4,0.4265402843601896,1.0,0.3333333333333333,0.4,0.6587677725118484,0.3412322274881517,91.83857142857144,0.2985781990521327,0.7014218009478673,202.0
349,73fdecbf-8738-4e32-adba-57d894931208,Jose A.,Ferrer,Nationals,RP,L,0.3417721518987341,1.0,0.6666666666666666,0.3,0.430379746835443,1.0,0.6666666666666666,0.3,0.7215189873417721,0.2784810126582278,94.80897435897435,0.810126582278481,0.189873417721519,77.0
350,2f962f66-501f-4fc7-9a25-738a589c9e05,Robert,Garcia,Nationals,RP,L,0.3170731707317073,1.0,0.6666666666666666,0.7,0.4878048780487805,1.0,1.6666666666666667,1.3,0.7073170731707317,0.2926829268292683,91.015,0.8048780487804879,0.1951219512195122,40.0
